lap_id,t_sec,speed_mps,acceleration_mps2
0,0.0010340213775634766,0.039941996769011015,0.0
0,0.001753091812133789,0.13504199676901102,132.25408169761275
0,0.0024480819702148438,0.230141996769011,136.83647012006858
0,0.0031223297119140625,0.325241996769011,141.04607864214992
0,0.0037910938262939453,0.42034199676901096,142.2026062032085
0,0.0044651031494140625,0.5154419967690109,141.09597113547926
0,0.005141019821166992,0.6105419967690109,140.69781671957665
0,0.005815029144287109,0.7056419967690108,141.09597113547926
0,0.0064849853515625,0.8007419967690108,141.94957665480422
0,0.007172107696533203,0.8958419967690108,138.40329993060368
0,0.007847309112548828,0.9909419967690107,140.8468610169491
0,0.008538246154785156,1.0860419967690107,137.63916853002064
0,0.009194135665893555,1.1811419967690107,144.99393326063245
0,0.009851217269897461,1.2762419967690106,144.7308818577648
0,0.010514259338378906,1.3713419967690106,143.4298131607335
0,0.011178016662597656,1.4664419967690105,143.27525517241375
0,0.01183319091796875,1.5615419967690105,145.15222358078597
0,0.012482166290283203,1.6566419967690105,146.53868861131514
0,0.013139009475708008,1.7517419967690104,144.78341575317597
0,0.013817071914672852,1.8468419967690104,140.25257046413498
0,0.014497995376586914,1.9419419967690104,139.66327394957978
0,0.015367269515991211,2.0370419967690103,109.40162106417988
0,0.016124248504638672,2.1321419967690103,125.63096390551176
0,0.016878128051757812,2.2272419967690102,126.14747324478174
0,0.01770496368408203,2.3210004375304996,113.39429155700049
0,0.018419981002807617,2.4103011575847293,124.89308680438012
0,0.019114971160888672,2.4953561385565353,122.38300065522115
0,0.019829988479614258,2.5763672865957927,113.29956060875283
0,0.02051401138305664,2.65352690296365,112.80267952951162
0,0.021193981170654297,2.7270181449962867,108.08015793213767
0,0.02216506004333496,2.797015426888138,72.08197383454956
0,0.022961139678955078,2.8636837428438517,83.74578744723364
0,0.02369832992553711,2.9271813681884855,86.13465199660375
0,0.02442026138305664,2.9876643451254954,83.77938972880062
0,0.0251462459564209,3.045294487839462,79.38204863900181
0,0.025825023651123047,3.100189899225971,80.87391765369871
0,0.026503324508666992,3.1524355689711894,77.0243309648678
0,0.0271761417388916,3.2022054044556834,73.97229626220944
0,0.02785515785217285,3.249584592138487,69.77623469618494
0,0.028522014617919922,3.294693358577857,67.64386110536789
0,0.029195070266723633,3.337644381248348,63.814964998558985
0,0.029860258102416992,3.378543636399394,61.48527221399757
0,0.03054213523864746,3.417491091813074,57.11799581518162
0,0.031203031539916992,3.4545874077203793,56.130312480257544
0,0.03187108039855957,3.4899433927797454,52.92425037774428
0,0.03252911567687988,3.523647211629532,51.21886312207815
0,0.033193111419677734,3.5557909396598015,48.40953933654263
0,0.03387022018432617,3.5863640009952307,45.15236389135063
0,0.034545183181762695,3.6154307331698226,43.0641861627762
0,0.03523111343383789,3.643009969475773,40.20705636252828
0,0.03590512275695801,3.669221525866315,38.889011607737636
0,0.036576032638549805,3.6941418417627823,37.144058509529906
0,0.03725314140319824,3.7178475395605832,35.01017714651682
0,0.03792119026184082,3.7404237867410184,33.79430544392859
0,0.038584232330322266,3.7619368852866617,32.44605367939085
0,0.0392451286315918,3.7824595286922085,31.052743624263506
0,0.039904117584228516,3.802042783814974,29.717122031271987
0,0.04066729545593262,3.820747133408598,24.508506191169953
0,0.0413670539855957,3.8386135276733357,25.53222791487811
0,0.04203915596008301,3.8556941869231274,25.41379120753389
0,0.04269528388977051,3.8719743008885197,24.81240811246396
0,0.0433351993560791,3.887550152817632,24.340483625068284
0,0.04397416114807129,3.9023290347428383,23.129523721798808
0,0.04464221000671387,3.916334001295026,20.963985449574
0,0.045281171798706055,3.9296089135616223,20.775752843072667
0,0.04592418670654297,3.942181938619923,19.5532403760215
0,0.04658913612365723,3.9541005102600435,17.924027502490024
0,0.047286033630371094,3.9654122555449223,16.231576632004163
0,0.04798531532287598,3.9761555519826373,15.363331476949789
0,0.048658132553100586,3.9863911676428976,15.213070058927183
0,0.049314022064208984,3.9961555630178056,14.887256480755452
0,0.04999518394470215,4.005536363844999,13.77176423965685
0,0.050660133361816406,4.014514083997585,13.501358030431371
0,0.051314353942871094,4.02312427872811,13.160996428214329
0,0.05196118354797363,4.031383352542468,12.768546382549545
0,0.05259418487548828,4.039320810411005,12.539401615004138
0,0.053243160247802734,4.0469234529507085,11.714839829114169
0,0.05403494834899902,4.054089524610797,9.050491727851567
0,0.05495810508728027,4.060846305832771,7.319213457244895
0,0.05566000938415527,4.067205997154364,9.060624575041205
0,0.05634117126464844,4.073194983747112,8.792310263181811
0,0.056989192962646484,4.078787023442875,8.62940193675431
0,0.05773591995239258,4.084053762469501,7.053098520539977
0,0.05840611457824707,4.089027491273004,7.42132003395578
0,0.0590510368347168,4.093753321533146,7.327751853395522
0,0.059699058532714844,4.098258558075368,6.952292733622209
0,0.0603640079498291,4.102579338231629,6.49790802887314
0,0.06102132797241211,4.106730133898111,6.314725740699555
0,0.06166505813598633,4.110737210652914,6.224777059621281
0,0.062307119369506836,4.114607427838096,6.027800750344261
0,0.06297111511230469,4.11836120763531,5.653319073096586
0,0.06361222267150879,4.121980929804235,5.646045062109113
0,0.0642540454864502,4.1255040245410095,5.48920146613361
0,0.0649259090423584,4.12893012946273,5.099405811778339
0,0.06556010246276855,4.132245061432105,5.22700466875099
0,0.06620001792907715,4.135327239389964,4.81653924640851
0,0.0668489933013916,4.1381809669692045,4.397281778294766
0,0.06750106811523438,4.140825226970791,4.055148190747558
0,0.06814813613891602,4.143263700406037,3.768496272419754
0,0.06879520416259766,4.1455146665261475,3.4787163601484075
0,0.06944513320922852,4.147581029963935,3.179367730214984
0,0.07008218765258789,4.149504346109879,3.0190765734268408
0,0.07072997093200684,4.151322982774774,2.8074770107163327
0,0.0713651180267334,4.153061252386205,2.736798492607076
0,0.0720071792602539,4.154750580096832,2.631100621608401
0,0.07264995574951172,4.156400086673496,2.5662210803141803
0,0.0732872486114502,4.1580211205051825,2.543624648103108
0,0.07397818565368652,4.159616255594386,2.3086547567936533
0,0.0746769905090332,4.16120169225815,2.268783125407417
0,0.0753631591796875,4.162775336624527,2.2933783392895006
0,0.07602095603942871,4.16434989113374,2.3936789692671523
0,0.07667708396911621,4.165918183076235,2.390222807984723
0,0.07735395431518555,4.167493523470304,2.327388698910273
0,0.0780181884765625,4.168957765100766,2.2044057888055737
0,0.07866406440734863,4.170268707929736,2.029713086497854
0,0.07931113243103027,4.171441684777265,1.8127566261962331
0,0.0799551010131836,4.172476866219933,1.607503023216489
0,0.08060216903686523,4.173389324037023,1.410142030970481
0,0.08124899864196777,4.174178839883897,1.2205932453395563
0,0.08189630508422852,4.174873770291562,1.073572518817847
0,0.08254814147949219,4.175527392228637,1.0027392484130502
0,0.0832221508026123,4.176143234391773,0.9136997694416459
0,0.08388829231262207,4.176751997806683,0.9138650058014698
0,0.08461427688598633,4.17736202426817,0.8402746888412826
0,0.08529210090637207,4.17799344314819,0.931538070398414
0,0.08596301078796387,4.1786465848997505,0.9735163685633366
0,0.08665013313293457,4.179335546981595,1.0026774516757022
0,0.0873270034790039,4.180056151879669,1.0646128941218422
0,0.08799409866333008,4.180819155730977,1.1437705881185323
0,0.08866214752197266,4.181617925552093,1.1956757515293948
0,0.08957529067993164,4.182409063908114,0.8663902796902171
0,0.09031414985656738,4.183086642640388,0.9170607251024084
0,0.0910482406616211,4.183649004348886,0.7660655938282478
0,0.09176921844482422,4.184109679567727,0.6389589659677494
0,0.09244108200073242,4.18446708402455,0.5319598803654937
0,0.09310007095336914,4.184734673359678,0.4060604264420577
0,0.09374308586120605,4.184910647423909,0.27367027122686205
0,0.0943911075592041,4.185021949687118,0.17175700065814853
0,0.0950920581817627,4.185114295845371,0.1317441703891065
0,0.09573197364807129,4.185205405409355,0.14237749949930412
0,0.09638810157775879,4.185276601694349,0.10850976124070151
0,0.09703707695007324,4.18537208856738,0.14713481759883787
0,0.09769010543823242,4.1855109939694355,0.21270955949695322
0,0.09832596778869629,4.185692635022378,0.2856609654750076
0,0.09895133972167969,4.185930182299417,0.37984959751202824
0,0.09958720207214355,4.186218515956151,0.4534529470463214
0,0.10021209716796875,4.186567528617455,0.5585140028072308
0,0.10085725784301758,4.186969735088668,0.6234206249200892
0,0.10151195526123047,4.187433315032074,0.7080827425156014
0,0.10216307640075684,4.187949589625824,0.7929009863297195
0,0.10280704498291016,4.188469828840385,0.8078642793741768
0,0.1034390926361084,4.188886048162562,0.6585252236452632
0,0.10406708717346191,4.189196791278498,0.4948181830454072
0,0.10469913482666016,4.1894156399538955,0.34625344195233476
0,0.10533714294433594,4.189540909916368,0.19634540533571768
0,0.10597920417785645,4.1895858850377925,0.07004802513589568
0,0.10661196708679199,4.189436394049746,-0.2362511865584111
0,0.10729122161865234,4.18908556191558,-0.516495831400972
0,0.10793709754943848,4.18874289212678,-0.5305504857305673
0,0.10857391357421875,4.188749502135969,0.01037977835305038
0,0.10920119285583496,4.188787661342379,0.060832881824977494
0,0.10983514785766602,4.188864104352278,0.12058112906777531
0,0.11046504974365234,4.188988421263469,0.19735916649371407
0,0.1111001968383789,4.189159581303223,0.26948094571445574
0,0.11173820495605469,4.1893905214724745,0.36197058133424576
0,0.11237096786499023,4.189675899460907,0.45100302878450027
0,0.11300110816955566,4.190025404508339,0.5546463936682885
0,0.1136319637298584,4.190431349203411,0.6434827884807001
0,0.11425518989562988,4.19083873332722,0.6536698010810683
0,0.1148841381072998,4.191066246958393,0.3617366691747676
0,0.11551308631896973,4.191201053750982,0.21433687239738466
0,0.11615514755249023,4.1912556181311045,0.0849831406631591
0,0.11681318283081055,4.191142439233179,-0.171995182711955
0,0.11748027801513672,4.190791525603855,-0.5260323227767308
0,0.1181340217590332,4.190303004196487,-0.7472674299811334
0,0.11879396438598633,4.189851078321329,-0.6847957029906397
0,0.11944413185119629,4.189493951454306,-0.549284432292378
0,0.1201021671295166,4.18932018144998,-0.2640739942846847
0,0.12076902389526367,4.189319823463821,-0.0005368261631680763
0,0.12141609191894531,4.189212519810592,-0.16583056077800346
0,0.12206625938415527,4.189243282751705,0.04731541142676355
0,0.12295413017272949,4.189339523905058,0.10839544964412069
0,0.12370824813842773,4.189495102855143,0.20630585287888706
0,0.1244511604309082,4.189719105984633,0.30152028948379456
0,0.12511897087097168,4.1900033779734125,0.42567766498626664
0,0.12576723098754883,4.19035557075661,0.5432892972921988
0,0.12643718719482422,4.190744825493376,0.5810151955291788
0,0.127089262008667,4.191029575844944,0.43668356072395986
0,0.12775301933288574,4.191223000257616,0.29140832894026764
0,0.12843012809753418,4.191433215544243,0.31046014702813307
0,0.1290900707244873,4.1915558445941725,0.18581774372693605
0,0.12975120544433594,4.191589057798143,0.05023666580059535
0,0.13039016723632812,4.191444343435211,-0.22648359376992752
0,0.13104009628295898,4.1911296722966505,-0.48416229462495686
0,0.1316971778869629,4.190762379181753,-0.5589764081955454
0,0.1323399543762207,4.190494313206611,-0.4170438396890899
0,0.1329810619354248,4.190362616515021,-0.20542058769950153
0,0.13362407684326172,4.19038089502573,0.028426262729966643
0,0.1342792510986328,4.1905732411899805,0.2935801623362012
0,0.13496017456054688,4.190820023756193,0.36242335595070524
0,0.13561320304870605,4.191117710484568,0.4558556537317638
0,0.1362602710723877,4.191475776023201,0.5533661462597181
0,0.13691210746765137,4.191865259123655,0.5975166518532758
0,0.13755106925964355,4.192152590703733,0.4496850730031173
0,0.13820314407348633,4.1923478316610066,0.2994149645541878
0,0.13884520530700684,4.1924450600015675,0.15143156989529102
0,0.13948416709899902,4.192454985827074,0.015534302098815565
0,0.14012813568115234,4.192123227113466,-0.5151784152236637
0,0.14080810546875,4.191116066857741,-1.4811838321285884
0,0.14145517349243164,4.190181313010138,-1.4445990427474744
0,0.14209628105163574,4.189383026695824,-1.2451675274350822
0,0.14273619651794434,4.18881178846089,-0.8926776504232902
0,0.1433701515197754,4.188456944718099,-0.5597301729082299
0,0.1440110206604004,4.188358945214581,-0.1529165586315295
0,0.14464116096496582,4.18838791865649,0.04597935046982323
0,0.14526796340942383,4.1884796240346684,0.14630666965198588
0,0.14589810371398926,4.188628710470728,0.23659244612580982
0,0.14652514457702637,4.188844854792528,0.3447053207233265
0,0.14715313911437988,4.188994799834676,0.23876806760126204
0,0.14777922630310059,4.189215124715163,0.35190766470993373
0,0.14841318130493164,4.1894967946315536,0.44430585069376616
0,0.14904022216796875,4.189846844923705,0.5582575439443607
0,0.14966821670532227,4.190222316950717,0.5978905940704167
0,0.15034699440002441,4.190492838873344,0.3985427404859525
0,0.15099215507507324,4.190671971692448,0.2776561344052057
0,0.1516432762145996,4.190758011358168,0.13214079607775997
0,0.15230107307434082,4.190764214402725,0.009430030661244546
0,0.15295004844665527,4.190461380833321,-0.4666333767386327
0,0.15359902381896973,4.1904934392560955,0.04939851979263165
0,0.15426206588745117,4.190441850259324,-0.0778065212204897
0,0.15497398376464844,4.1903811807068125,-0.08521987500925512
0,0.15569114685058594,4.190379375989133,-0.0025164676134157528
0,0.1565570831298828,4.1904164178240775,0.04277662898512303
0,0.1573481559753418,4.1904953804405105,0.09981712415778472
0,0.15803313255310059,4.190631794369184,0.1991512310103469
0,0.15869903564453125,4.1908229235489,0.2870225145001694
0,0.15934514999389648,4.191078788382997,0.3960054970892813
0,0.15999317169189453,4.191392493022552,0.4840958883384184
0,0.16063427925109863,4.191602671133738,0.32783595852030173
0,0.16127634048461914,4.191723147627878,0.1876401935662207
0,0.16196727752685547,4.191747725364389,0.0355716006080906
0,0.16261720657348633,4.191504488510842,-0.37425139683872044
0,0.1632530689239502,4.190931462200054,-0.9011798078144674
0,0.16388511657714844,4.190177010599951,-1.1936625289013705
0,0.1645371913909912,4.189450879439677,-1.113570321777621
0,0.1651780605316162,4.188825514995568,-0.9758067668839691
0,0.1658010482788086,4.188398288109132,-0.6857709294627715
0,0.16643929481506348,4.187715429657183,-1.0698976228789447
0,0.16706418991088867,4.187345460900666,-0.5920493839502631
0,0.1677093505859375,4.187234856051725,-0.17143767935424184
0,0.16834306716918945,4.187275043255025,0.06341510442098879
0,0.16898202896118164,4.187373543490862,0.15415669148231842
0,0.16961216926574707,4.187539997774302,0.2641543196560057
0,0.17023420333862305,4.187766660008414,0.36438877546310927
0,0.1708669662475586,4.188061478364319,0.4659223095124367
0,0.1714932918548584,4.188415523777302,0.5652737311982001
0,0.17212319374084473,4.1888115425816235,0.6286991881298284
0,0.17275214195251465,4.189189232345351,0.600510116285271
0,0.17337608337402344,4.189502908613954,0.5027335223947881
0,0.17405009269714355,4.189722399812157,0.32565009217876656
0,0.17471623420715332,4.189846134838326,0.1857488601279839
0,0.17535996437072754,4.189887496851215,0.06425365041113562
0,0.17600727081298828,4.189715636008463,-0.26550151756784535
0,0.17664718627929688,4.189282868231012,-0.6762889791488226
0,0.17729902267456055,4.188615571902395,-1.023717505597096
0,0.17796707153320312,4.187849672304723,-1.1464724290203954
0,0.17859911918640137,4.187175506299778,-1.0666379370821146
0,0.17925620079040527,4.1870805617148745,-0.1444943585772343
0,0.18041110038757324,4.18709373509948,0.01140651935257762
0,0.1811389923095703,4.187146928781267,0.07307909344757067
0,0.18246197700500488,4.18725731963529,0.08344076420782193
0,0.1832561492919922,4.187423374049066,0.20909117139636557
0,0.1847820281982422,4.187656006871442,0.1524582464719424
0,0.18556714057922363,4.187948948849146,0.37312107769653063
0,0.18625831604003906,4.188309552410142,0.5217250632279574
0,0.18692302703857422,4.1887289290102245,0.6309156926947417
0,0.18760013580322266,4.189195947189558,0.6897240202992
0,0.1882612705230713,4.189485416105378,0.4378365061309335
0,0.18892598152160645,4.189671839195889,0.2804573580430262
0,0.18979811668395996,4.189766484739415,0.10852164619827838
0,0.190507173538208,4.189757474202313,-0.0127077780127846
0,0.19136404991149902,4.18946692176711,-0.33908326131937966
0,0.1921370029449463,4.189123802399199,-0.4439071367387324
0,0.19279122352600098,4.188816151215634,-0.470256045857124
0,0.19343900680541992,4.188653724828265,-0.25074186464679077
0,0.19408202171325684,4.188641449443522,-0.019090357927545425
0,0.19476318359375,4.188574660436125,-0.09805159288757449
0,0.19547510147094727,4.188611295854181,0.05146017431094993
0,0.19617319107055664,4.188711633790144,0.14373217423604243
0,0.19684505462646484,4.188870264460569,0.23610548455746694
0,0.19749212265014648,4.189096800086583,0.350095535126805
0,0.19814300537109375,4.189383467146471,0.440428130387332
0,0.19878411293029785,4.18973818343932,0.5532867110304205
0,0.19943618774414062,4.190066969198097,0.5042147799563582
0,0.20008611679077148,4.190295345995048,0.3513872754799034
0,0.2007291316986084,4.190436144492249,0.21896614757403426
0,0.201369047164917,4.1905507387992955,0.17907725798102142
0,0.20205211639404297,4.190584057937258,0.0487785667129004
0,0.2027111053466797,4.190383442927383,-0.30442848711176174
0,0.20335006713867188,4.189928716431398,-0.71166461232021
0,0.2039942741394043,4.189244539208385,-1.0620456192419099
0,0.20464015007019043,4.188465632665432,-1.205969298166976
0,0.20528507232666016,4.187781443792353,-1.0608858140884398
0,0.20603704452514648,4.187253048497512,-0.7026792957306324
0,0.20681214332580566,4.18696335529004,-0.37375003964130565
0,0.20764899253845215,4.186899936125713,-0.07578326342176338
0,0.20835208892822266,4.186998051628227,0.13954772623101103
0,0.20900201797485352,4.187153617501724,0.23935824118538193
0,0.20964932441711426,4.187377467883476,0.3458182510434484
0,0.21028399467468262,4.187663256646475,0.450294872954387
0,0.210921049118042,4.188018271502896,0.5572755360574333
0,0.2115621566772461,4.188433549516078,0.6477509229452626
0,0.21219420433044434,4.18891445569221,0.7608701237928795
0,0.2128450870513916,4.18940272578313,0.7501660056507741
0,0.21351313591003418,4.189781762052255,0.5673780655734332
0,0.2142961025238037,4.19006312276584,0.35935212132474464
0,0.21503019332885742,4.190197996534147,0.18372899834605036
0,0.2157151699066162,4.190242906230547,0.0655638424117537
0,0.2163982391357422,4.190042337428035,-0.2936288065103128
0,0.21706414222717285,4.189594858557757,-0.6719879754823977
0,0.21772003173828125,4.189122976647411,-0.7194533566306154
0,0.21837806701660156,4.188709285015647,-0.628676980389687
0,0.21905899047851562,4.188459082490349,-0.36744588678859236
0,0.2197260856628418,4.188373617343672,-0.12811537046755017
0,0.2204432487487793,4.188405927610765,0.045052886472400674
0,0.2213430404663086,4.188410007603866,0.004534375036029697
0,0.22205209732055664,4.188478317813024,0.09633953715896919
0,0.22271108627319336,4.188605359593223,0.19278286789259544
0,0.22335529327392578,4.188800673283297,0.30318467488317996
0,0.22415804862976074,4.1890564126459395,0.3185769621883598
0,0.22493815422058105,4.189380438976173,0.4153621433380181
0,0.2256472110748291,4.189763744715441,0.5405853380760393
0,0.22632598876953125,4.190112295207397,0.5134972682164496
0,0.22701215744018555,4.190365869625096,0.3695511447021102
0,0.22765898704528809,4.190522577369827,0.2422705199246779
0,0.22829318046569824,4.190737618297437,0.339077828134081
0,0.2289259433746338,4.190857412254467,0.18931886704937578
0,0.22956228256225586,4.1908953351923515,0.05959547772925416
0,0.23019695281982422,4.190711715572855,-0.2893149904335781
0,0.2308342456817627,4.190298419412783,-0.6485184202666836
0,0.23148536682128906,4.1898007883065675,-0.7642680847030426
0,0.23211908340454102,4.189389763174717,-0.648594565320959
0,0.2327442169189453,4.189115072824571,-0.43941069198140065
0,0.2333672046661377,4.1890531407104765,-0.0994114480966861
0,0.2339930534362793,4.189087001256242,0.05410339906527883
0,0.2347090244293213,4.189372267929247,0.3984332826017063
0,0.23536205291748047,4.1897042366190185,0.5083525386571275
0,0.23600411415100098,4.190093296004281,0.6059537080738719
0,0.23663616180419922,4.190532913753906,0.6955452605517056
0,0.23726916313171387,4.190902108522126,0.58324485616776
0,0.2379131317138672,4.19117609380978,0.4254637497033467
0,0.23853516578674316,4.191348947129101,0.2778840048453528
0,0.23916411399841309,4.191431424875686,0.1311359903009056
0,0.23978209495544434,4.191377928038367,-0.08656712914932013
0,0.24040699005126953,4.191022509769307,-0.568764695761962
0,0.24109697341918945,4.189907422834669,-1.6161069766062865
0,0.2417430877685547,4.188935520343715,-1.5042267547679784
0,0.24238014221191406,4.188144647535379,-1.2414524638816202
0,0.24302005767822266,4.187607114236784,-0.8400067304137501
0,0.24365019798278809,4.187299732924753,-0.4877982090720276
0,0.24428105354309082,4.187254605916841,-0.07153302713248735
0,0.24491214752197266,4.187296791663246,0.06684542685595152
0,0.24553704261779785,4.187402768867452,0.16959199218242188
0,0.24618220329284668,4.187566511329535,0.2538010582716066
0,0.24686908721923828,4.18798070463172,0.6030033405512023
0,0.2475121021270752,4.188406450106856,0.6621082496653564
0,0.24818730354309082,4.188729123281645,0.47789173294779563
0,0.24902820587158203,4.188961056518618,0.27581471606755276
0,0.24970436096191406,4.1890996603885275,0.20498828137390662
0,0.250352144241333,4.18915756496036,0.08938880281760757
0,0.2509949207305908,4.189056363295785,-0.15744456473754537
0,0.25165534019470215,4.188687090241523,-0.5591492594162587
0,0.2523951530456543,4.188076500558548,-0.8253299225466293
0,0.253082275390625,4.187361113407908,-1.041135040762667
0,0.2537362575531006,4.18352929232946,-5.8592134439001065
0,0.2545740604400635,4.180516717301145,-3.595804067035977
0,0.2578549385070801,4.178280295229194,-0.6816535166100434
0,0.25855207443237305,4.176704932778769,-2.2597636892160886
0,0.2591862678527832,4.175741385822639,-1.5193266361965834
0,0.259810209274292,4.175277776427951,-0.7430335263962572
0,0.26049304008483887,4.175273280080166,-0.006584863651897655
0,0.2611222267150879,4.175331858253489,0.09310142731335679
0,0.26174211502075195,4.175446335997657,0.18467479241438783
0,0.26238012313842773,4.175609391610565,0.25556980920830247
0,0.2630021572113037,4.171659550723498,-6.3498786630850725
0,0.2636239528656006,4.168883735978495,-4.464191291496969
0,0.2642822265625,4.16680918124372,-3.1515078675426875
0,0.26490330696105957,4.165277322156395,-2.466442494205916
0,0.26552700996398926,4.1642233867732275,-1.689803284923304
0,0.26614928245544434,4.16352969080757,-1.1147784534641951
0,0.2667820453643799,4.163164890100679,-0.576520370805149
0,0.2674081325531006,4.1630391014096535,-0.20091241809645183
0,0.26804399490356445,4.163065229281594,0.041090452865486876
0,0.2686731815338135,4.163134880975793,0.1107011669516202
0,0.26931095123291016,4.159393762650355,-5.865939273591911
0,0.2699310779571533,4.156457614622329,-4.7347548706431954
0,0.2705810070037842,4.154213055700387,-3.453544557790162
0,0.2712061405181885,4.152502527672666,-2.7362603160881593
0,0.2718331813812256,4.151262668559067,-1.977317885781139
0,0.27248311042785645,4.150377309975647,-1.362238829007054
0,0.27310705184936523,4.149816658440573,-0.8985643775953585
0,0.2737572193145752,4.149492222490746,-0.49900366780377153
0,0.2744629383087158,4.14939663842004,-0.13544211152034838
0,0.2751040458679199,4.149412432932678,0.024636291385849596
0,0.2757580280303955,4.14904992548761,-0.5543078479326167
0,0.2763960361480713,4.148556640824055,-0.7731636163997164
0,0.27703118324279785,4.147934767825293,-0.9791007530777617
0,0.2776601314544678,4.147245240157738,-1.096318671015219
0,0.2782902717590332,4.146477968712435,-1.2176200121534038
0,0.2789621353149414,4.1456840804793265,-1.1816212177710215
0,0.27959227561950684,4.144845629928879,-1.330577562445781
0,0.28080105781555176,4.144062682848813,-0.6477155956033713
0,0.28143811225891113,4.143496179973043,-0.8892534722498768
0,0.2827301025390625,4.143183653703368,-0.2418952173838527
0,0.2835719585418701,4.1007239228202,-50.43585926995074
0,0.28435826301574707,4.067431868953155,-42.33990136530135
0,0.28501105308532715,4.041637245414829,-39.514423917200745
0,0.28566622734069824,4.021908939395152,-30.111540338993777
0,0.2863481044769287,4.007145870443262,-21.65062907593963
0,0.2870059013366699,3.99638489372758,-16.359118406122448
0,0.28780126571655273,3.9889038552558143,-9.405800235695574
0,0.2884821891784668,3.982785103750208,-8.985960754541765
0,0.28932929039001465,3.977269069042103,-6.511659566660079
0,0.2900822162628174,3.919595439485473,-76.59934615069366
0,0.29076099395751953,3.8750875565162075,-65.57063279575777
0,0.2914152145385742,3.8393753054691926,-54.587477192237195
0,0.2920651435852051,3.809117461501142,-46.55561114694467
0,0.2927060127258301,3.783498123193183,-39.97592750834259
0,0.29334306716918945,3.761734119093996,-34.16349156034279
0,0.2940070629119873,3.743225953088625,-27.87392269622675
0,0.2947080135345459,3.727391580663107,-22.589854286340554
0,0.29537320137023926,3.713809555441957,-20.418330721566488
0,0.29603004455566406,3.702056472014617,-17.893286690245063
0,0.29669618606567383,3.6918474104187835,-15.32566495620997
0,0.297349214553833,3.6828777038369718,-13.735551732354608
0,0.2979919910430908,3.6357577457622483,-73.30690973020954
0,0.2986421585083008,3.596598652207819,-60.229241925822095
0,0.29929113388061523,3.5640554430254032,-50.14552257407914
0,0.299954891204834,3.537046605633242,-40.690831432935255
0,0.3006021976470947,3.5145762743942366,-34.71359123281215
0,0.3012502193450928,3.4958767011623966,-28.856399854525204
0,0.30190205574035645,3.4802341143135975,-23.997719308802207
0,0.3025672435760498,3.4671250882951696,-19.707254575339135
0,0.30321526527404785,3.4560487450230184,-17.09254999696726
0,0.30387306213378906,3.446661814506741,-14.270257416507684
0,0.30452609062194824,3.4386170630101174,-12.319143257135483
0,0.30516719818115234,3.4316989237402478,-10.790918264102347
0,0.3058280944824219,3.4256672416319605,-9.126518179479755
0,0.30648112297058105,3.4203941740098784,-8.074789565377545
0,0.30715227127075195,3.4157121097598555,-6.976199222780883
0,0.3078041076660156,3.411611632065544,-6.290654716591522
0,0.30845022201538086,3.4081682196266554,-5.329416445048175
0,0.3090963363647461,3.369347874172484,-60.082778678897675
0,0.3097400665283203,3.3375321038982015,-49.42407871277934
0,0.310394287109375,3.3115203056568023,-39.759981563809646
0,0.31104207038879395,3.290348669852899,-32.68320822188227
0,0.3116919994354248,3.273123091700511,-26.503782592396785
0,0.31234097480773926,3.2591617703248557,-21.512867777809518
0,0.31299304962158203,3.2478273958023123,-17.382015501792242
0,0.3136410713195801,3.238662096127881,-14.143507389869812
0,0.31429100036621094,3.231223830491014,-11.444734891332681
0,0.314960241317749,3.225219551614008,-8.971774460613796
0,0.31563711166381836,3.220346853886046,-7.198864237823618
0,0.31631016731262207,3.2164279007674135,-5.8226286720839475
0,0.3169872760772705,3.2132558715030113,-4.684667264718011
0,0.31775999069213867,3.21073041919531,-3.2682859352055624
0,0.3184692859649658,3.2087080353732222,-2.8512580015184747
0,0.3191533088684082,3.2071389844751117,-2.293857252753105
0,0.31989026069641113,3.2059206155506588,-1.653254497996964
0,0.3206162452697754,3.205035552486024,-1.2191210352214685
0,0.32135915756225586,3.2044070089076113,-0.8460535446441325
0,0.32228827476501465,3.2040379373971244,-0.39722815312326626
0,0.32303714752197266,3.203867703413624,-0.227320304976593
0,0.3237431049346924,0.0,-4538.329997939404
1,0.001622915267944336,0.03994199931979179,0.0
1,0.0022840499877929688,0.13504199931979177,143.843602740714
1,0.0029611587524414062,0.23014199931979176,140.45010929577464
1,0.003670930862426758,0.32524199931979175,133.98666792072555
1,0.004384040832519531,0.42034199931979177,133.35951534603814
1,0.005059957504272461,0.5154419993197917,140.69781671957665
1,0.005733013153076172,0.6105419993197917,141.29589458023375
1,0.006417036056518555,0.7056419993197917,139.030432345765
1,0.007179975509643555,0.8007419993197916,124.64947199999995
1,0.007894039154052734,0.8958419993197916,133.18140580968276
1,0.00859212875366211,0.9909419993197915,136.22893114754092
1,0.009277105331420898,1.0860419993197916,138.83686404455284
1,0.00997018814086914,1.1811419993197916,137.21304107327137
1,0.010660171508789062,1.2762419993197915,137.829409260539
1,0.01134800910949707,1.3713419993197915,138.25937968804155
1,0.012040138244628906,1.4664419993197915,137.40210485704438
1,0.012726068496704102,1.5615419993197914,138.64383399374344
1,0.013406038284301758,1.6566419993197914,139.85915511921453
1,0.014088869094848633,1.7517419993197914,139.27315307262563
1,0.014772891998291016,1.8468419993197913,139.030432345765
1,0.01547098159790039,1.9419419993197913,136.22893114754092
1,0.016157150268554688,2.0370419993197912,138.5956603196664
1,0.0169219970703125,2.132141999319791,124.33862543640893
1,0.017673969268798828,2.227241999319791,126.4674414711477
1,0.018374204635620117,2.3205302970530868,133.22420168061038
1,0.019056081771850586,2.409395082008106,130.3237492992927
1,0.019732952117919922,2.4940567890580168,125.07817419030248
1,0.0204012393951416,2.574714866432283,120.69371978708324
1,0.021070003509521484,2.651568793009342,114.91933392437238
1,0.021736860275268555,2.7247977428851815,109.81211204148501
1,0.02240300178527832,2.7945826075610283,104.75981998903465
1,0.02306818962097168,2.861084500476138,99.97460769226367
1,0.02375006675720215,2.924467744703124,92.95405412385487
1,0.0244138240814209,2.984877298966897,91.01150685587655
1,0.02536296844482422,3.0424626396976557,60.67079250650193
1,0.026189088821411133,3.097354240580338,66.4450392925362
1,0.02694106101989746,3.1496882409093603,69.59565850222553
1,0.027640104293823242,3.199491926718058,71.2454974768635
1,0.028338193893432617,3.2468764273997874,67.87739096563551
1,0.029031991958618164,3.2919622296268893,64.98404145166405
1,0.0297698974609375,3.334852476375314,58.1243080768674
1,0.030525922775268555,3.375657348077825,53.972890760431795
1,0.03147482872009277,3.4144698654387953,40.90238613497148
1,0.03223395347595215,3.4513964729909135,48.643661357499845
1,0.03294205665588379,3.486540330873278,49.63098440788975
1,0.03367495536804199,3.520001921642248,45.65650097874254
1,0.0346522331237793,3.5518885984741595,32.62805957130853
1,0.03536725044250488,3.582284376070586,42.51054736772299
1,0.036062002182006836,3.6112777768366184,41.73203047583175
1,0.03675198554992676,3.6389382258798735,40.08857362264022
1,0.03743720054626465,3.665340256218049,38.531016512015
1,0.03811311721801758,3.690541210146715,37.284113533269924
1,0.03879404067993164,3.714607470937255,35.343562289497214
1,0.03947305679321289,3.7375881595188205,33.844099031044486
1,0.040174007415771484,3.7595425769513775,31.320918658178073
1,0.04086184501647949,3.7804066461275476,30.33284187240452
1,0.04155421257019043,3.8002079254226597,28.599374983679713
1,0.04222416877746582,3.819002375156003,28.053251136783047
1,0.04290914535522461,3.8368287892936865,26.02485211393765
1,0.043580055236816406,3.853745756272291,25.214961715077674
1,0.04425382614135742,3.869817870339302,23.853974635428067
1,0.04492998123168945,3.8851218739443496,22.633865845086884
1,0.045614004135131836,3.89970824351073,21.324387667392262
1,0.04629802703857422,3.913634735520845,20.359686700590203
1,0.04697012901306152,3.926937407835214,19.792639836412597
1,0.04764413833618164,3.9396626647048443,18.87994191344784
1,0.04831886291503906,3.9518373968110616,18.04400267563102
1,0.04899406433105469,3.9635007055622835,17.273821521357707
1,0.049688100814819336,3.974673461333695,16.098225428737194
1,0.0505368709564209,3.9852697952458884,12.484338683496867
1,0.05132102966308594,3.9952960126986725,12.78595438342418
1,0.05202984809875488,4.004772884039472,13.369956061957618
1,0.052732229232788086,4.0137328268531185,12.756525452494703
1,0.053420066833496094,4.022193827322781,12.300869363572197
1,0.054235219955444336,4.030194068832597,9.81440332424387
1,0.05503416061401367,4.03777911896278,9.493884243874835
1,0.05579209327697754,4.045005149464172,9.533868712209312
1,0.05775785446166992,4.051904268572781,3.5096425559387523
1,0.058721065521240234,4.0585158622229605,6.864117250822042
1,0.059478044509887695,4.064858818596939,8.379303083843368
1,0.06050825119018555,4.0709621683733275,5.924393515507123
1,0.06131601333618164,4.076837525913509,7.273623268067213
1,0.062290191650390625,4.082506564563998,5.8193028604751245
1,0.06322002410888672,4.087974924261435,5.881016141641408
1,0.06395220756530762,4.093261236572194,7.219928645478208
1,0.0647580623626709,4.098305274014732,6.259238586208877
1,0.06547713279724121,4.10302785949734,6.567625722826881
1,0.0673830509185791,4.107450123599986,2.3202802120072525
1,0.06824588775634766,4.111576742914677,4.78261837471224
1,0.06922483444213867,4.115428024763973,3.9341078581659534
1,0.07128691673278809,4.119007691576313,1.7359476043089082
1,0.07217812538146973,4.122349111657206,3.7493128975302206
1,0.0729069709777832,4.1255072702516635,4.333096900676391
1,0.07365012168884277,4.128509820990606,4.040298548139534
1,0.07445025444030762,4.131392548966268,3.6028121213436446
1,0.07530903816223145,4.134168867862882,3.2328499315222774
1,0.07601809501647949,4.136863652747462,3.8005201817535883
1,0.07676219940185547,4.139481949670136,3.5187226068437365
1,0.07749819755554199,4.1420422666854,3.4787003234171214
1,0.07823801040649414,4.144544788700571,3.382641991079958
1,0.0790400505065918,4.147004350317467,3.0666317265141894
1,0.08017086982727051,4.149417675925116,2.134138994193796
1,0.08098506927490234,4.151724023530177,2.832656803894052
1,0.08171796798706055,4.153845868650033,2.89514101288059
1,0.08242511749267578,4.1557850037411415,2.742185458252037
1,0.08320498466491699,4.157558130368297,2.273626445975691
1,0.08399009704589844,4.159166761030728,2.0489177108885688
1,0.08485698699951172,4.160627190355024,1.6846767207402715
1,0.08616495132446289,4.161940402959176,1.00401255531244
1,0.0868980884552002,4.163135828863825,1.6305624889673256
1,0.0876011848449707,4.164261420289971,1.6009062804501515
1,0.0885920524597168,4.165340691548185,1.0892184204560873
1,0.08962702751159668,4.16640284942824,1.0262642351867992
1,0.0907139778137207,4.1674567213741955,0.9695677381898716
1,0.09161901473999023,4.168517155806599,1.1717029456186596
1,0.09235000610351562,4.169577497737698,1.4505532951642797
1,0.09305381774902344,4.170652818177695,1.5278525822366862
1,0.09375405311584473,4.171739892379431,1.5524411551377828
1,0.0944821834564209,4.172850371188837,1.525109925411627
1,0.09533905982971191,4.173978512049715,1.316573657579492
1,0.09610223770141602,4.175134690064315,1.5149522247267158
1,0.0970311164855957,4.176267440721184,1.2194816763627532
1,0.09781098365783691,4.17726164316265,1.2748356090032318
1,0.09861612319946289,4.178131941572297,1.080928664725094
1,0.09945487976074219,4.1788778336297,0.8892831267580399
1,0.10076904296875,4.179513767218595,0.4839076189471595
1,0.10165810585021973,4.1800389085085214,0.5906683327707585
1,0.10269689559936523,4.180474204472448,0.41904145115479874
1,0.1034538745880127,4.18084914597487,0.4953129585427562
1,0.10420393943786621,4.181197973222639,0.4650627846882287
1,0.10506486892700195,4.181533040850135,0.389192880164575
1,0.10613203048706055,4.181882015895687,0.32701238370446406
1,0.10698914527893066,4.182250363186726,0.4297525775221193
1,0.10785818099975586,4.182655948073371,0.466706807241968
1,0.10872220993041992,4.183097259237331,0.5107597075721401
1,0.10960793495178223,4.1835869290307635,0.5528462915940769
1,0.11065912246704102,4.184119563053498,0.506697439803007
1,0.1116631031036377,4.184704936974014,0.5830529984126561
1,0.11269807815551758,4.18533558599287,0.6093374112836778
1,0.11353898048400879,4.185963230660158,0.7463942553403359
1,0.11440515518188477,4.186484651944565,0.601981662228158
1,0.1153111457824707,4.186897409975077,0.455587541686469
1,0.11617708206176758,4.187214876700904,0.3666167285248211
1,0.11714816093444824,4.187435261538567,0.22694844246210644
1,0.1181020736694336,4.187571815124765,0.14315102544539393
1,0.11894488334655762,4.187622512295484,0.06015257310791434
1,0.11977386474609375,4.18758880893973,-0.04065634738380689
1,0.12064504623413086,4.187505466806051,-0.09566563893197239
1,0.12144613265991211,4.187452719859068,-0.06584426509549043
1,0.12229299545288086,4.1874628216003495,0.011928427326786626
1,0.12305092811584473,4.187501742972314,0.05135201828125964
1,0.12406706809997559,4.187587950173336,0.08483791836602539
1,0.12483406066894531,4.187720580686463,0.1729228137177379
1,0.12557697296142578,4.18791262123401,0.2584969309171774
1,0.12629199028015137,4.188158789616695,0.34428310509188526
1,0.12705087661743164,4.188468815321888,0.4085271930227836
1,0.12780308723449707,4.1888350492720035,0.4868768690670538
1,0.12870502471923828,4.189265532044244,0.4772867072534142
1,0.12940526008605957,4.189710010660211,0.6347560220856853
1,0.13030004501342773,4.1900480732141405,0.37781431446734853
1,0.13104605674743652,4.1902923513573755,0.32744544368271783
1,0.1317310333251953,4.190441395229854,0.21758973564637524
1,0.13243412971496582,4.190508299593247,0.09515674431957039
1,0.13313889503479004,4.190438715517352,-0.09873368330955183
1,0.13391518592834473,4.190120792267007,-0.4095413883958076
1,0.13463592529296875,4.189702995939476,-0.5796774091125718
1,0.13535785675048828,4.18935888270369,-0.4766563808821053
1,0.13607001304626465,4.189140418231597,-0.30676478378232763
1,0.1367652416229248,4.189125922416525,-0.020850430431792355
1,0.13744091987609863,4.189163540901756,0.05567514575786505
1,0.13811922073364258,4.189254084875598,0.1334864504962688
1,0.13879179954528809,4.189395331070858,0.2100069059778067
1,0.13947105407714844,4.189599246497864,0.3002047353996524
1,0.1401681900024414,4.189859777543816,0.37371628186073047
1,0.14086198806762695,4.190186080512724,0.4703140370112514
1,0.1415421962738037,4.190570083686253,0.5645376960193634
1,0.14221906661987305,4.190968949397219,0.5892793402500915
1,0.1429140567779541,4.191271624155722,0.4355094169082813
1,0.1435990333557129,4.191475794733463,0.2980694294810876
1,0.1442852020263672,4.191594792151058,0.17342298283857177
1,0.14496827125549316,4.191625898320621,0.045538824231056645
1,0.1456601619720459,4.191450029498994,-0.2541858380510222
1,0.14643001556396484,4.190989137445109,-0.5986749412138309
1,0.14725804328918457,4.190356696717704,-0.7637917283947104
1,0.14805817604064941,4.189733400195762,-0.7789913871180137
1,0.14887595176696777,4.189195443506628,-0.6578291233422631
1,0.14978599548339844,4.188842944627766,-0.38734279738098404
1,0.15097498893737793,4.188672922368252,-0.14299680031455062
1,0.15185809135437012,4.1886876804151205,0.016711591525691245
1,0.15268921852111816,4.188752637547188,0.0781554672578526
1,0.15349602699279785,4.1888802863524655,0.1582145078512829
1,0.15433382987976074,4.189065184338443,0.22069389931115496
1,0.15537405014038086,4.1893169253264135,0.2420073877623014
1,0.15679502487182617,4.189627714018433,0.21871514330374314
1,0.15780305862426758,4.190005464478022,0.3747398920662088
1,0.15866422653198242,4.190397218437647,0.4549100774836418
1,0.1594250202178955,4.190685054890039,0.37833706788375476
1,0.1610879898071289,4.190881988333816,0.11842275712759263
1,0.16188693046569824,4.190985917490789,0.13008370003222494
1,0.1627190113067627,4.191009448469776,0.02827967888005825
1,0.16361117362976074,4.19077458646356,-0.2632503078893058
1,0.16459202766418457,4.190322770129625,-0.46063564819821207
1,0.16548800468444824,4.189796513172594,-0.5873554177500978
1,0.16632294654846191,4.189364585524242,-0.5173146382616732
1,0.16749095916748047,4.189075042951264,-0.24789336028011338
1,0.16840124130249023,4.189003056110916,-0.07908189953282874
1,0.16921210289001465,4.189035352971795,0.03983030072694069
1,0.17031502723693848,4.189130508577557,0.08627573235408986
1,0.1711580753326416,4.189285176885576,0.18346320786113046
1,0.17197513580322266,4.18950880582498,0.27369937410473233
1,0.17283296585083008,4.1897880832467065,0.32556264787568623
1,0.17367291450500488,4.190132211442111,0.4097014665053779
1,0.17449402809143066,4.190533162493508,0.48830156756021975
1,0.17531204223632812,4.190950942059191,0.5107241339147681
1,0.17612409591674805,4.191271610062111,0.3948852282205593
1,0.17693519592285156,4.191492897048991,0.27282330811873456
1,0.17775201797485352,4.191627737849932,0.16507977546696695
1,0.17851591110229492,4.191673653464077,0.06010737954830744
1,0.17928218841552734,4.191543832489276,-0.16941774545519078
1,0.18000316619873047,4.191231835143179,-0.4327419698164458
1,0.18079781532287598,4.190931105977337,-0.3784427072326414
1,0.1816539764404297,4.190704631719608,-0.26452294210206995
1,0.18251490592956543,4.190644758675941,-0.06954465426320978
1,0.18341708183288574,4.190669738484597,0.027688401522819765
1,0.18427014350891113,4.1907495286439245,0.09353386932050069
1,0.18512797355651855,4.190881858774551,0.15426147754525163
1,0.18598008155822754,4.191078655266114,0.2309525214744368
1,0.18681812286376953,4.191333817314031,0.30447430959445654
1,0.18765687942504883,4.191656698598673,0.3849523205515537
1,0.18851494789123535,4.191990827270393,0.3893962834981638
1,0.18929719924926758,4.1922261719999465,0.3008556356429327
1,0.19078612327575684,4.192374856987134,0.09986069439541254
1,0.19153618812561035,4.19243409028681,0.07897090456565133
1,0.19229698181152344,4.192363033487177,-0.0933982509955068
1,0.19301915168762207,4.1919833790948,-0.5257134158354894
1,0.1937110424041748,4.191415891370631,-0.8201984946354761
1,0.194411039352417,4.190796950023686,-0.8842057790378824
1,0.19510698318481445,4.190290595748974,-0.7275792257084999
1,0.19581890106201172,4.189908761692663,-0.5363456496054385
1,0.19651293754577637,4.189716225186427,-0.2774155404507008
1,0.19721102714538574,4.189701843446177,-0.02060156784661603
1,0.1981041431427002,4.189753212477717,0.05751664027297204
1,0.1988070011138916,4.189856746876859,0.14730486582732144
1,0.1994931697845459,4.190024382343044,0.24430649977790928
1,0.20043015480041504,4.19025002693881,0.2408198551149238
1,0.20116186141967773,4.19054280896845,0.40013582210741394
1,0.20183897018432617,4.190894621542693,0.5195805941537862
1,0.20252418518066406,4.19126632613833,0.5424641866039902
1,0.2032470703125,4.191543118538634,0.38289956192763663
1,0.20394325256347656,4.1917226162078025,0.25783143554214544
1,0.20462799072265625,4.191817650521787,0.13878927690892748
1,0.20529508590698242,4.191825903274207,0.012371176728623267
1,0.20596718788146973,4.191562865472718,-0.3913659109394045
1,0.20663022994995117,4.191031230932093,-0.8018111759372771
1,0.20730805397033691,4.190372741500795,-0.9714755032184025
1,0.20798301696777344,4.189782614348088,-0.8743103769364731
1,0.20864605903625488,4.189301464380437,-0.7256703466091255
1,0.20932292938232422,4.188995902870916,-0.45143285016855667
1,0.21001315116882324,4.188864247602402,-0.1907434263725046
1,0.21071624755859375,4.1888868495700216,0.03214632865153923
1,0.2113971710205078,4.18895901831503,0.10598657418209381
1,0.2120990753173828,4.189093603841873,0.19174341493888516
1,0.21277689933776855,4.189285172477827,0.28262296730716
1,0.21344900131225586,4.189543326444584,0.3840994024071109
1,0.21410822868347168,4.189860286947767,0.4808060420774745
1,0.21478700637817383,4.190243966764516,0.5652510678290295
1,0.21544694900512695,4.190637431435374,0.596210420100729
1,0.21610808372497559,4.190926786720848,0.4376646344329298
1,0.21687912940979004,4.191125205038904,0.25733665587356336
1,0.21760892868041992,4.191230590977397,0.1444040063265997
1,0.2183091640472412,4.19125593034677,0.036186931671934305
1,0.21900701522827148,4.191028076982684,-0.3265070981887937
1,0.2196941375732422,4.190582089293994,-0.6490659079204865
1,0.2203969955444336,4.190060671410316,-0.7418538382570063
1,0.2211000919342041,4.1896328154904126,-0.6085309583836489
1,0.22182607650756836,4.189346706244773,-0.3940982441449987
1,0.22256708145141602,4.189277652759752,-0.09318896667957498
1,0.22325491905212402,4.189305399403857,0.04033894639726941
1,0.2239530086517334,4.189386477173099,0.11614235377198727
1,0.22463417053222656,4.1895186477635695,0.19403697455110858
1,0.22531986236572266,4.189713859612577,0.2846932681290347
1,0.22600388526916504,4.189966037166144,0.3686682891727803
1,0.22670316696166992,4.190284328584313,0.4551690993490802
1,0.2273881435394287,4.190660637386821,0.549374700868499
1,0.2281808853149414,4.191058156175022,0.5014480130609713
1,0.22911787033081055,4.191359484287418,0.3215933097028778
1,0.22985386848449707,4.191562376503375,0.2756694632201933
1,0.23056721687316895,4.191679650440437,0.16439924576010972
1,0.23123908042907715,4.191709051311446,0.04376018129030045
1,0.231917142868042,4.191526447570517,-0.269302250700839
1,0.23259496688842773,4.191059880511314,-0.688330665735231
1,0.23330092430114746,4.1904266023149415,-0.8970487241327199
1,0.23408794403076172,4.189802848678297,-0.7925514611309765
1,0.23482894897460938,4.189264725880137,-0.726206758305277
1,0.23550009727478027,4.188912313553854,-0.525088607380911
1,0.23616814613342285,4.188742582452286,-0.25406989230269794
1,0.23683714866638184,4.188757492972709,0.02228768904184284
1,0.23752999305725098,4.188822314742328,0.09355891521068908
1,0.23819589614868164,4.188949881385955,0.1915693818946658
1,0.23886609077453613,4.189134752132686,0.2758463580560235
1,0.23952198028564453,4.189386518192251,0.38385437684345575
1,0.24020719528198242,4.189697381779324,0.45367306427188897
1,0.2408769130706787,4.190075250337023,0.5642205777966963
1,0.2415320873260498,4.190462521122499,0.591095853203791
1,0.24218487739562988,4.190746134339988,0.4344631309591783
1,0.24285507202148438,4.190939092127994,0.28791306370207315
1,0.2435140609741211,4.191039277184642,0.15202843120076334
1,0.24417400360107422,4.191059671476705,0.030903128893626047
1,0.24483513832092285,4.190812995362286,-0.37311021039068293
1,0.24550604820251465,4.19035178201558,-0.687444557548999
1,0.24616003036499023,4.189818068404453,-0.8160981166628408
1,0.2468268871307373,4.18938025540446,-0.65653229071161
1,0.24748706817626953,4.189086116925775,-0.44554214434864375
1,0.2481389045715332,4.189010578373038,-0.11588575490140618
1,0.24881291389465332,4.189042194451455,0.04690747936580727
1,0.24988007545471191,4.189136739907672,0.08859526032084221
1,0.25101423263549805,4.189291218198476,0.13620536326062085
1,0.25178003311157227,4.1895110610524915,0.2870758910237778
1,0.25279903411865234,4.189786694155477,0.2704934549330968
1,0.2534949779510498,4.190127317309087,0.48944058091101805
1,0.2541670799255371,4.190524891721715,0.5915388255352012
1,0.2548410892486572,4.190942775474109,0.6199969912272673
1,0.2555429935455322,4.191263508699252,0.4569472313691538
1,0.2562570571899414,4.191484823796627,0.3099374952195881
1,0.2569310665130615,4.191619653109698,0.20004072413507348
1,0.2576150894165039,4.191665719331671,0.06734602268604752
1,0.25847387313842773,4.191551402712696,-0.13311456197532498
1,0.2591540813446045,4.191222099653695,-0.48412097356443107
1,0.25983309745788574,4.190801005768509,-0.6201530080798783
1,0.26056694984436035,4.1904515523533235,-0.4761903369478528
1,0.26125311851501465,4.190215329291881,-0.34426383999298643
1,0.26195406913757324,4.190169702444077,-0.06509281301072666
1,0.26270008087158203,4.190201639141719,0.04280991328433132
1,0.26364994049072266,4.190291018546961,0.09409748918720966
1,0.2643880844116211,4.190434603354201,0.19452142485390955
1,0.26507997512817383,4.190643543548436,0.3019843874711012
1,0.2657780647277832,4.1909112836756695,0.38353261154888024
1,0.26647281646728516,4.191246561579483,0.48258663454925926
1,0.267305850982666,4.1915912135181435,0.4137306825791469
1,0.2681121826171875,4.191835888171185,0.30344171376402107
1,0.26882004737854004,4.1919929620417475,0.22189813526331595
1,0.26958680152893066,4.192059836726689,0.08721789755900182
1,0.270341157913208,4.19201690577474,-0.05691070274441643
1,0.271075963973999,4.1916594155064315,-0.4865096892694967
1,0.27176809310913086,4.19110950217542,-0.7945241763394761
1,0.2724790573120117,4.190505115670953,-0.8500941426004143
1,0.2731659412384033,4.190010445876448,-0.7201650460851623
1,0.2739100456237793,4.189670451822822,-0.4569171480607696
1,0.2746269702911377,4.1895560108841625,-0.15962756461069597
1,0.27532315254211426,4.189568344933192,0.01771669560941319
1,0.276015043258667,4.189634479395575,0.0955851275363435
1,0.2767000198364258,4.189752166406651,0.1718117303529082
1,0.27760887145996094,4.189933366554098,0.19937263988447057
1,0.2783470153808594,4.1901720031026555,0.3232927100001341
1,0.2790341377258301,4.19047722308725,0.44420034776646633
1,0.27969884872436523,4.190841056495042,0.5473557810754739
1,0.28037023544311523,4.191225468718775,0.5725645339672073
1,0.2810389995574951,4.191514343242952,0.43195278868211995
1,0.28170323371887207,4.191705335777099,0.2875379576252162
1,0.28237414360046387,4.191811301370028,0.15794310955345292
1,0.28305816650390625,4.191829957116476,0.02727356986764334
1,0.28383302688598633,4.191606484620813,-0.28840356383071497
1,0.28461623191833496,4.191106873059642,-0.6379064747233006
1,0.28531908988952637,4.190474281826695,-0.9000271162526174
1,0.28601598739624023,4.189856560169092,-0.886388101050738
1,0.2866990566253662,4.1893234240987915,-0.7805007861104727
1,0.2873818874359131,4.18897515205596,-0.510041488246087
1,0.2880580425262451,4.188808858781956,-0.24593954313446587
1,0.28873491287231445,4.188824444034062,0.023025461518825383
1,0.2894120216369629,4.188889921205778,0.09670111381540626
1,0.29009509086608887,4.189018124841035,0.18768761611655746
1,0.2907681465148926,4.189203610793046,0.27558783934264586
1,0.29144287109375,4.189455967056182,0.3740137398927456
1,0.2921159267425537,4.189767397033949,0.46271059208813814
1,0.29278993606567383,4.190145626495808,0.5611635460898802
1,0.29346609115600586,4.190534299598474,0.5748283318762781
1,0.2941710948944092,4.190819235699065,0.40416253853739215
1,0.29490089416503906,4.191013436461878,0.2661016126330948
1,0.29560208320617676,4.191114796887278,0.14455506212018818
1,0.29630208015441895,4.1911362979054045,0.03071587409174491
1,0.2970411777496338,4.1908938041855315,-0.32809431588337307
1,0.29773807525634766,4.190435926726313,-0.6570226680493767
1,0.2984318733215332,4.189904846496053,-0.7654680185916087
1,0.29913997650146484,4.189469131997478,-0.6153262842534367
1,0.2999868392944336,4.189177628171523,-0.34421612140156227
1,0.3009970188140869,4.189104155139746,-0.07273264835349703
1,0.3019602298736572,4.189136176628978,0.03324451989374391
1,0.30264711380004883,4.189231095464822,0.13818759210627554
1,0.30339503288269043,4.189381095651486,0.2005567047893431
1,0.30408382415771484,4.18959329780199,0.3080790338063578
1,0.3047752380371094,4.1898616747734225,0.388156760272024
1,0.30545806884765625,4.19019540382974,0.48874340636536023
1,0.3061330318450928,4.1905864289646075,0.5793282540705211
1,0.30681705474853516,4.190996642168863,0.5997068258843156
1,0.3075239658355713,4.191309793245849,0.4429850977423018
1,0.30820393562316895,4.191523903731417,0.3148823513533152
1,0.3088860511779785,4.1916518880171765,0.18762845218400362
1,0.3095548152923584,4.191691519718913,0.05926110699454094
1,0.3102419376373291,4.191548012433324,-0.2088525961053032
1,0.310945987701416,4.1910649469426575,-0.6861237791274468
1,0.3116340637207031,4.190387171785848,-0.9850294703071677
1,0.31232213973999023,4.189727333495026,-0.9589613245145695
1,0.31299710273742676,4.189159921323093,-0.8406567087206833
1,0.3136880397796631,4.188782685123593,-0.5459776744323611
1,0.31437110900878906,4.188592766623469,-0.27803697198837424
1,0.31505823135375977,4.188603526435534,0.015659237607517314
1,0.31574511528015137,4.1886643693551715,0.08857816772219292
1,0.31641697883605957,4.188788125086626,0.18419771450072675
1,0.3171811103820801,4.188969340622251,0.2371522764217649
1,0.31790614128112793,4.1892175955168875,0.3424059511987699
1,0.31857895851135254,4.189525085135817,0.457018050544022
1,0.31925392150878906,4.18989971464975,0.5550371136717664
1,0.319932222366333,4.190286383167943,0.5700545913999759
1,0.32062196731567383,4.190569745854857,0.4108224165826428
1,0.32132411003112793,4.190762435265908,0.27443054924594124
1,0.3219950199127197,4.190862339199117,0.14890812603887846
1,0.32267308235168457,4.190882435976051,0.029638534417027494
1,0.32335901260375977,4.190634507352058,-0.36144873803513183
1,0.3240370750427246,4.1901721606866635,-0.6818644402433401
1,0.32471179962158203,4.189637393272421,-0.7925714150624014
1,0.32539892196655273,4.18919860786623,-0.6385841028199976
1,0.32610201835632324,4.188903545891365,-0.4196607736272503
1,0.32681703567504883,4.188827123449779,-0.1068819447924551
1,0.32750415802001953,4.188858917694207,0.0462715914569883
1,0.32822108268737793,4.18895359458293,0.13205974495535797
1,0.3289170265197754,4.189108142789707,0.2220699424042139
1,0.32961106300354004,4.1893323460494925,0.3230424697115142
1,0.3303370475769043,4.18961907884726,0.39495714962457984
1,0.33120298385620117,4.189975039613909,0.4110703930065922
1,0.33214402198791504,4.1903908444447735,0.4418575792536347
1,0.3329288959503174,4.190823294402769,0.5509801302003343
1,0.3337709903717041,4.191157471829007,0.3968408028262911
1,0.3346102237701416,4.191388280092013,0.27502273316918446
1,0.33530497550964355,4.191526696751134,0.19923182807775827
1,0.3360140323638916,4.191567983231968,0.058227320682074535
1,0.33669614791870117,4.191419471862357,-0.21772171674398474
1,0.3373548984527588,4.191092288018927,-0.49667336345743623
1,0.33808398246765137,4.1907792098119305,-0.4294130725699597
1,0.3388049602508545,4.190542650274648,-0.32810932984846647
1,0.33951306343078613,4.190474559155984,-0.09615988261897356
1,0.3402118682861328,4.190497858210151,0.03334128832764204
1,0.3408939838409424,4.19057603052966,0.11460275162754881
1,0.3415558338165283,4.1907064243777326,0.19701420696940736
1,0.3422210216522217,4.190901346897868,0.29303380139572643
1,0.3428959846496582,4.191154694322589,0.37535009427632343
1,0.3435790538787842,4.1914755794373875,0.4697695359652683
1,0.34425806999206543,4.191810884799272,0.49381061115699787
1,0.34492993354797363,4.192047320508265,0.35191030517045996
1,0.34560298919677734,4.19219701483971,0.22241003654192534
1,0.34625983238220215,4.192257179730215,0.09159703844120412
1,0.3469259738922119,4.1921895530688875,-0.10151996281805982
1,0.3475840091705322,4.191812540360868,-0.5729369236588262
1,0.34824705123901367,4.191248994424439,-0.8499399407939896
1,0.3489048480987549,4.190633092090359,-0.9363108457549839
1,0.3495640754699707,4.190129045761419,-0.76460163965956
1,0.35036802291870117,4.189781288538157,-0.43256213302444557
1,0.3511159420013428,4.189659166557902,-0.16328234308876352
1,0.3518040180206299,4.189669869056638,0.015554238827182697
1,0.35248613357543945,4.189734385779424,0.0945832745368374
1,0.35317182540893555,4.189850485210107,0.1693172136681758
1,0.3538510799407959,4.190030130753595,0.2644745600682763
1,0.3545219898223877,4.190267261111804,0.3534459168291316
1,0.35518693923950195,4.190571454650325,0.45746868963537995
1,0.35585713386535645,4.190934187131817,0.5412345421747332
1,0.35652613639831543,4.191310774204042,0.5629082905846838
1,0.35720205307006836,4.191592276437389,0.4164747595550522
1,0.3578670024871826,4.191776323756559,0.2767839393988866
1,0.35853099822998047,4.191875755154207,0.14974704089054514
1,0.35926294326782227,4.191888259678482,0.017083966183545924
1,0.35996103286743164,4.191641658350276,-0.3532516862357371
1,0.3607048988342285,4.191123606149,-0.6964321859049587
1,0.3613889217376709,4.190476353768978,-0.946243724828919
1,0.36209821701049805,4.189842355166339,-0.8938429832082837
1,0.3627920150756836,4.18929581695828,-0.7877482447465978
1,0.3637092113494873,4.188936436786215,-0.39182471879715575
1,0.3644888401031494,4.188760910076286,-0.22514140108993294
1,0.3652961254119873,4.18877456224977,0.016911212596943302
1,0.36625194549560547,4.188838134491233,0.06651067763964683
1,0.3670661449432373,4.188964460006152,0.1551530344147197
1,0.3678450584411621,4.189148089121626,0.23575033166511072
1,0.3685450553894043,4.189398608819981,0.35788684362692796
1,0.3693208694458008,4.189707749646358,0.3984728348604561
1,0.37006616592407227,4.190083900837208,0.5047000781790861
1,0.3707749843597412,4.190478174560847,0.5562407857905403
1,0.3714611530303955,4.19076835994686,0.4229067843277952
1,0.3721609115600586,4.19096748386815,0.2845609061534198
1,0.37284302711486816,4.191073456832417,0.15535925477691065
1,0.37352609634399414,4.191099270288463,0.037790395095814375
1,0.37419605255126953,4.19087288299568,-0.33791356856580096
1,0.374859094619751,4.1904277254222215,-0.6713866202756146
1,0.37552499771118164,4.189906656666961,-0.7824993786117614
1,0.3761880397796631,4.18948119211669,-0.6416856041208248
1,0.3768501281738281,4.189196645287665,-0.42977166120573307
1,0.3775460720062256,4.189128448922694,-0.09799119095027999
1,0.3782200813293457,4.1891614536470945,0.048967756481190894
1,0.37890005111694336,4.189257215436648,0.14083241829243692
1,0.37956905364990234,4.1894123463192825,0.23188384945078866
1,0.38024210929870605,4.189629524478492,0.32267489262635174
1,0.38091301918029785,4.1899027258754415,0.40721027435391993
1,0.38158297538757324,4.190241134981869,0.505121234421257
1,0.38225603103637695,4.19063670690779,0.5877254378951867
1,0.3829219341278076,4.191042352729587,0.6091664493193325
1,0.3836390972137451,4.191351540471568,0.43112612464787203
1,0.3843410015106201,4.191561969607339,0.2997974748242363
1,0.3850269317626953,4.1916865453714145,0.18161578921210778
1,0.38568902015686035,4.1917230241553005,0.05509654633354746
1,0.38637614250183105,4.191579425532098,-0.20898552383454536
1,0.3870561122894287,4.191255930942223,-0.4757484755587214
1,0.38773512840270996,4.190945534199062,-0.45712721257946676
1,0.3883960247039795,4.190710874027912,-0.355063526152027
1,0.389056921005249,4.190644031927453,-0.10113856036210644
1,0.38971805572509766,4.190666950401464,0.0346653614202605
1,0.39037585258483887,4.190744675211379,0.11815929000480921
1,0.39104604721069336,4.190874940420027,0.19436922294363693
1,0.3917081356048584,4.191069672396722,0.294117792142266
1,0.39237093925476074,4.191322766066222,0.38185316199878994
1,0.3930649757385254,4.1916433372197375,0.4618938067593307
1,0.3937530517578125,4.191985171139069,0.49679673429932225
1,0.39443397521972656,4.192227752700479,0.356253786186012
1,0.39511609077453613,4.192383224125636,0.22792534792795127
1,0.3958101272583008,4.192449550360747,0.0955659200385218
1,0.396496057510376,4.192405040080789,-0.06489038764964304
1,0.3972499370574951,4.192046423919505,-0.47569424406655375
1,0.39804697036743164,4.191495513814337,-0.691200854845686
1,0.3990030288696289,4.19088953788272,-0.6338272503449435
1,0.3998398780822754,4.1903932238608,-0.5930746117930467
1,0.4007070064544678,4.190011000793419,-0.4407917900496962
1,0.4013979434967041,4.189818659422173,-0.27837756479749026
1,0.4020662307739258,4.189804928853187,-0.02054590810538189
1,0.4027400016784668,4.189856557253387,0.07662604581525118
1,0.40340709686279297,4.189961069912032,0.15666828527673812
1,0.40407800674438477,4.190129773163121,0.25145441394990314
1,0.40478515625,4.190356579314864,0.3207329566692852
1,0.40544986724853516,4.1906506079614365,0.44234057691301
1,0.4061160087585449,4.1910037439176175,0.5301215295468537
1,0.40679502487182617,4.191363466164868,0.5297698246254952
1,0.4074549674987793,4.191628982019092,0.40233172306177245
1,0.40811586380004883,4.191797879634889,0.25555842190653
1,0.40877628326416016,4.191882953969681,0.12881863635934432
1,0.4094371795654297,4.191878580622404,-0.006617297249084169
1,0.41010403633117676,4.191577924141322,-0.45085616061090356
1,0.4107940196990967,4.191016438181349,-0.8137673835032609
1,0.4114658832550049,4.1903343702528435,-1.0151881621020262
1,0.4121429920196533,4.189725761420483,-0.8988346690154622
1,0.41281723976135254,4.1892201900945825,-0.7498302102231196
1,0.4134981632232666,4.18889362779438,-0.4795873816482493
1,0.41416382789611816,4.188744302882572,-0.224324525392649
1,0.414870023727417,4.188763166081458,0.026711002882673158
1,0.41553807258605957,4.188831612286736,0.10245688529093507
1,0.41622400283813477,4.188962490731165,0.19080430412969948
1,0.41692519187927246,4.1891496953014205,0.26698159736152693
1,0.4175889492034912,4.1894035141591495,0.38239707264663847
1,0.41825294494628906,4.189716167133085,0.47086593148631295
1,0.4189159870147705,4.190095569940248,0.572215286478352
1,0.4195749759674072,4.1905016940951985,0.616283707526902
1,0.42023491859436035,4.190803077147186,0.45668068659125766
1,0.420914888381958,4.191012772756805,0.3083895982489993
1,0.4215700626373291,4.191128725448294,0.17697992639174195
1,0.4222269058227539,4.191163954818206,0.05363436919753651
1,0.4228808879852295,4.190976535221407,-0.28658212341756617
1,0.4235389232635498,4.190562508558027,-0.6291861196817912
1,0.4241950511932373,4.190066224483619,-0.7563830953575995
1,0.4248502254486084,4.189657939683026,-0.6231697861232633
1,0.4255101680755615,4.189386913895572,-0.41068083252165616
1,0.4262051582336426,4.189329275750347,-0.0829337574861062
1,0.4268989562988281,4.189364320206405,0.050511031691305004
1,0.42759013175964355,4.1894571569984,0.13431725698957242
1,0.4282858371734619,4.18960072302995,0.20636037710576616
1,0.4289698600769043,4.189806988277974,0.30154728297236366
1,0.42964696884155273,4.190070624676417,0.38935605652604094
1,0.43035006523132324,4.190400042636452,0.4685246074763586
1,0.4310729503631592,4.190787165730127,0.5355250462705373
1,0.43198513984680176,4.191174548584655,0.42467366865657413
1,0.4326820373535156,4.19146643954339,0.4188434539125099
1,0.43346714973449707,4.191660492137888,0.24716537300754093
1,0.4342341423034668,4.191769563593857,0.1422066658545363
1,0.4349710941314697,4.191791368828115,0.029588411928225936
1,0.4356541633605957,4.191608242928103,-0.26809273819336715
1,0.4363441467285156,4.191281886071102,-0.4729923534026188
1,0.4370100498199463,4.190965719407376,-0.4747938067787999
1,0.4376981258392334,4.190725876598397,-0.3485702193591922
1,0.4383721351623535,4.190654361452081,-0.10610409064510284
1,0.439039945602417,4.190676776003292,0.03356424198538778
1,0.4397099018096924,4.190753914569402,0.11513971401862402
1,0.4403691291809082,4.1908835151276085,0.19659462556458512
1,0.4410719871520996,4.1910775035241565,0.2759994259142043
1,0.4417378902435303,4.1913297826882125,0.37885266985921634
1,0.44240784645080566,4.191649471783486,0.47717909290458593
1,0.4431002140045166,4.192000685714743,0.5072651503879587
1,0.44378018379211426,4.1922530260209605,0.37110517381822367
1,0.4444541931152344,4.192417668874873,0.2442738524001312
1,0.4451310634613037,4.192491875925743,0.10963259256560015
1,0.4458019733428955,4.192476930837124,-0.022275851092909613
1,0.44648289680480957,4.192141831437658,-0.49212491301772726
1,0.4471580982208252,4.19160954007608,-0.7883445575667577
1,0.44782304763793945,4.191018199467689,-0.8893016418565683
1,0.4484851360321045,4.190513619972821,-0.7621029145280513
1,0.4491560459136963,4.190116132902047,-0.5924597053637023
1,0.4498119354248047,4.189911889881393,-0.3113985163586567
1,0.45050907135009766,4.189892262501851,-0.02815430797636509
1,0.4511740207672119,4.1899428246317925,0.07603906198011029
1,0.45183897018432617,4.190045849826887,0.15493689060034868
1,0.4525120258331299,4.190213259631054,0.24873099938362278
1,0.4533090591430664,4.190438948624411,0.2831613064890952
1,0.4540421962738037,4.190732032269915,0.3997664737144137
1,0.4547271728515625,4.191084387196265,0.5144043428505023
1,0.45540404319763184,4.191432248398783,0.5139259010797427
1,0.4560880661010742,4.191686586237387,0.3718264948793532
1,0.45676422119140625,4.1918439233224305,0.23269378178594016
1,0.4575660228729248,4.191918122871347,0.0925410243292366
1,0.4583420753479004,4.191872845926203,-0.058342633525713616
1,0.45926403999328613,4.191542772846291,-0.358010560994713
1,0.460007905960083,4.19095790745992,-0.7862510351022372
1,0.46095895767211914,4.1902573490072506,-0.7366144698581082
1,0.4618711471557617,4.1896342256889625,-0.6831073252454019
1,0.4626920223236084,4.18912769883763,-0.6170571009738567
1,0.46341705322265625,4.188799869601984,-0.4521589853293368
1,0.46416211128234863,4.188649008569699,-0.2024822499704361
1,0.46511411666870117,4.188666574479094,0.018451481102225237
1,0.4658479690551758,4.188733636285454,0.0913832367320991
1,0.46662187576293945,4.188863051614887,0.16722342387663494
1,0.4673600196838379,4.1890493898026255,0.25244153946522596
1,0.4681520462036133,4.189302255935288,0.31926472958744756
1,0.4688429832458496,4.189613873947194,0.4510078239514961
1,0.4695310592651367,4.189992163465734,0.5497786697059642
1,0.4702630043029785,4.190409322221102,0.5699318033464084
1,0.4710042476654053,4.1907210876392185,0.4205979222474316
1,0.4718360900878906,4.190940548645719,0.263825215652316
1,0.47257399559020996,4.191066754680958,0.17103278785943984
1,0.473264217376709,4.19111160530388,0.06498001627817056
1,0.4739370346069336,4.190956810523176,-0.23006958465212674
1,0.4745960235595703,4.1905687102849205,-0.5889328443249836
1,0.475261926651001,4.190092894268219,-0.7145424354147877
1,0.4759180545806885,4.189700674344603,-0.5977796491663253
1,0.4765779972076416,4.189442130733164,-0.39176680044421786
1,0.4772379398345947,4.189394073492716,-0.07282033086770531
1,0.47789788246154785,4.189430925812607,0.05584170257489633
1,0.4785740375518799,4.189528553944039,0.14438718694626065
1,0.47924304008483887,4.18967775056346,0.2230135344343256
1,0.4799001216888428,4.1898895317117475,0.32230570297066463
1,0.4805610179901123,4.1901578478037225,0.40598818825216476
1,0.481220006942749,4.190491858979504,0.5068539835838803
1,0.48187994956970215,4.190883497174458,0.5934427917808445
1,0.48253583908081055,4.191262188460463,0.5773705473120258
1,0.48319411277770996,4.191545937176398,0.43104975524856665
1,0.483989953994751,4.191732370733384,0.23425974050249934
1,0.4846961498260498,4.191834321478714,0.14436611037884992
1,0.4853639602661133,4.191848320028514,0.02096186127142581
1,0.4860241413116455,4.191636081414646,-0.32148547024315083
1,0.4866831302642822,4.191261015388744,-0.5691537383145905
1,0.48734211921691895,4.19090780177397,-0.5359932262310286
1,0.48799705505371094,4.190637397172263,-0.4128718975460829
1,0.48865604400634766,4.190540554909219,-0.14695582172648736
1,0.48930811882019043,4.190557701692707,0.02629573037217914
1,0.4899609088897705,4.190629682680506,0.11026667094659509
1,0.49061012268066406,4.190754226359006,0.19183769699129996
1,0.4912700653076172,4.190943258037535,0.28643653373573125
1,0.49191904067993164,4.191189702334577,0.37974368143227283
1,0.4925711154937744,4.191503668210013,0.4814875053762845
1,0.493257999420166,4.191864990823251,0.5260315452951579
1,0.493973970413208,4.192125858056588,0.36435447227987616
1,0.4946880340576172,4.1922984778379915,0.24174285129160436
1,0.4953610897064209,4.192380137969207,0.12132745837641658
1,0.4960298538208008,4.1923833558391825,0.004811666634949771
1,0.4967050552368164,4.192072040236539,-0.46107071943154904
1,0.49743103981018066,4.191558447821858,-0.7074426007437197
1,0.49815917015075684,4.190981688448895,-0.7921100671439094
1,0.4990980625152588,4.190512843162128,-0.49935999534524683
1,0.49982523918151855,4.190172182189528,-0.46847071476036406
1,0.5008139610290527,4.190014637151381,-0.15934212290312919
1,0.5015048980712891,4.190018533863957,0.005639750567014831
1,0.5021610260009766,4.190076934027626,0.08900728200556883
1,0.5028772354125977,4.1901875691021875,0.15447308114927
1,0.503533124923706,4.190362375731599,0.26651840965743934
1,0.5042550563812256,4.1905952628780065,0.32258899924880485
1,0.5050108432769775,4.19089535545123,0.397059772946293
1,0.5057179927825928,4.191254534826331,0.5079256539796344
1,0.5064041614532471,4.191593336212345,0.493758168369221
1,0.5070760250091553,4.191839219332074,0.36597180717232763
1,0.5077450275421143,4.191989706838388,0.22494310394980954
1,0.5084211826324463,4.192057535552892,0.10031532036595057
1,0.5090899467468262,4.191988599190184,-0.10308023595422135
1,0.5097670555114746,4.19166754433887,-0.4741555095374794
1,0.5104408264160156,4.19124294373438,-0.6301854259775449
1,0.5111470222473145,4.1908886779741055,-0.5016537121485146
1,0.5118269920349121,4.190657077483392,-0.3406040899724625
1,0.5125150680541992,4.190606079203402,-0.07411721751754762
1,0.5131800174713135,4.190632460336944,0.0396738952809164
1,0.5138390064239502,4.190713185565838,0.12249860725488228
1,0.5144960880279541,4.19084599817855,0.20212499011194413
1,0.515160083770752,4.1910428418339505,0.29645318894829314
1,0.516348123550415,4.191297636426839,0.2144663817238585
1,0.5170550346374512,4.191619508777239,0.45532225523564906
1,0.5177199840545654,4.191994972686062,0.5646503315273473
1,0.5184459686279297,4.192269236524257,0.3777819092270776
1,0.5191049575805664,4.192454543629834,0.2811991078698234
1,0.5197548866271973,4.192549524931634,0.1461410323049947
1,0.5204830169677734,4.192565337021906,0.02171601620017897
1,0.5217399597167969,4.19230162876523,-0.20980132697432757
1,0.5257699489593506,4.191824616175516,-0.11836572283529491
1,0.5264990329742432,4.1912264465241424,-0.8204399481479095
1,0.5272090435028076,4.190689026510788,-0.7569183719583992
1,0.5279028415679932,4.190265897479634,-0.6098734666276531
1,0.5285959243774414,4.190041858896157,-0.3232493728353143
1,0.5293340682983398,4.1900038883619395,-0.05144055670209094
1,0.5300850868225098,4.1900509622391855,0.062680048136011
1,0.5310120582580566,4.190152012710508,0.1090114187418556
1,0.531702995300293,4.190317788264494,0.23992859530265861
1,0.5323829650878906,4.190542171543042,0.3299900710890997
1,0.533074140548706,4.190834262387251,0.42260013667853097
1,0.5339031219482422,4.191185922546785,0.42420753919237436
1,0.5346641540527344,4.191509629327728,0.425352332749425
1,0.5353550910949707,4.191741207862978,0.33516589948731385
1,0.5360181331634521,4.191878138988626,0.2065195138547777
1,0.5367670059204102,4.191933123949185,0.07342363578860109
1,0.5374851226806641,4.1918155445411855,-0.16373299511587358
1,0.5381629467010498,4.191422312516257,-0.5801388164218928
1,0.5388369560241699,4.190787253307699,-0.9422113118824349
1,0.53951096534729,4.1900470001893115,-1.0982832032060472
1,0.5402019023895264,4.189392718432624,-0.9469484434783808
1,0.540891170501709,4.188886960436557,-0.7337609083143352
1,0.5416309833526611,4.18857573871275,-0.4206762878026764
1,0.5423102378845215,4.188437289126037,-0.20382578285242978
1,0.5429868698120117,4.188457971417372,0.030566531809084932
1,0.5436530113220215,4.188527763348837,0.10477042852973588
1,0.5443198680877686,4.188658380307804,0.19586958650807249
1,0.5449891090393066,4.18884559515561,0.279742068048045
1,0.5456650257110596,4.189099028431172,0.3749475137292813
1,0.5463290214538574,4.189410918786352,0.4697174019014707
1,0.5469920635223389,4.189789199866263,0.5705234975169263
1,0.5476589202880859,4.190224937273492,0.6534197890919939
1,0.5483288764953613,4.19056058782325,0.5010037165307489
1,0.5490028858184814,4.190802538894004,0.35897288428238017
1,0.549731969833374,4.190948830682335,0.2006514823299323
1,0.5505080223083496,4.191012573907918,0.08213777758421437
1,0.5511860847473145,4.190934636658713,-0.11494110973680237
1,0.5518620014190674,4.190607721326746,-0.48366218149215245
1,0.5525691509246826,4.1901804155296425,-0.6042651429581465
1,0.5532701015472412,4.189826407853931,-0.5050393912472388
1,0.5539460182189941,4.189597737192922,-0.3383119111653989
1,0.554638147354126,4.189572799739806,-0.036030058337415946
1,0.5556411743164062,4.18961406057736,0.041136319466362044
1,0.5566079616546631,4.189716478532319,0.10593638425617125
1,0.5573530197143555,4.189869578267459,0.2054869860780239
1,0.5581691265106201,4.190085327765089,0.2643642947436894
1,0.558880090713501,4.190358911466846,0.38480657767092197
1,0.5595660209655762,4.1906982203634495,0.494669677532347
1,0.5603492259979248,4.191095184958486,0.5068463284074353
1,0.5610768795013428,4.1914524212542075,0.49094286503643775
1,0.5617830753326416,4.191716020001834,0.37326579391176556
1,0.5624771118164062,4.191883533804787,0.24136166739217074
1,0.5633950233459473,4.191967740764972,0.0917375558266392
1,0.564141035079956,4.1919618654456645,-0.007875639269025458
1,0.5648119449615479,4.191669600608543,-0.4356245825857496
1,0.5654902458190918,4.191223556457581,-0.6575904276123784
1,0.5661559104919434,4.190806742883277,-0.6261614763463466
1,0.5668752193450928,4.190483678680392,-0.44913141478814944
1,0.567601203918457,4.19034305332357,-0.1937029545554778
1,0.5683209896087646,4.190351047131234,0.011105816316509847
1,0.5690009593963623,4.190414025530025,0.09261940742044764
1,0.5696589946746826,4.190529709855436,0.17580261913438638
1,0.5703210830688477,4.190710014354629,0.2723269291251608
1,0.5710189342498779,4.190948830909218,0.3422170243190037
1,0.5716919898986816,4.191255268160676,0.4552925928221013
1,0.5723540782928467,4.19161992510149,0.550767758546607
1,0.5730290412902832,4.1918998254689335,0.4146899437549593
1,0.5736939907073975,4.192090280019128,0.28641960620292417
1,0.5743799209594727,4.192188633536089,0.14338705234739738
1,0.5750460624694824,4.192207461932831,0.02826486033258817
1,0.5757040977478027,4.191954462961111,-0.38447630401511773
1,0.5763680934906006,4.191486939000202,-0.7041068651116515
1,0.5770490169525146,4.190946346512358,-0.7939107962662265
1,0.5777771472930908,4.19050078633174,-0.6119236567795042
1,0.5784480571746826,4.190197891426232,-0.45146883928694237
1,0.5791139602661133,4.190118901032957,-0.11862145452048246
1,0.5797832012176514,4.190141927871065,0.034407395505856316
1,0.5804369449615479,4.190218846113888,0.11765809392625837
1,0.5811150074005127,4.190347424826633,0.18962665582953334
1,0.581768274307251,4.190539619465321,0.29420538022978243
1,0.5824370384216309,4.190789369663555,0.37345035845105023
1,0.5831210613250732,4.191105821041582,0.462632722433289
1,0.5838119983673096,4.19148088745401,0.5428373201912831
1,0.584481954574585,4.191807433565827,0.4874141149381938
1,0.5851418972015381,4.19204192473553,0.35532053867408825
1,0.5857980251312256,4.19218023557304,0.21079858248988384
1,0.5864560604095459,4.192236776964335,0.08592455930252006
1,0.5871090888977051,4.192126062532441,-0.16953997245427682
1,0.5877690315246582,4.191772400175471,-0.535898641072149
1,0.5884490013122559,4.191312024144861,-0.6770536559222456
1,0.5891289710998535,4.190888485108298,-0.622879198882964
1,0.5899829864501953,4.190559838584434,-0.38482507806435634
1,0.5908029079437256,4.190414556622442,-0.17719008848851037
1,0.5915701389312744,4.190421565187376,0.00913488251580223
1,0.5922548770904541,4.190483558427415,0.09053568755896518
1,0.5929501056671143,4.19059687600114,0.1629932622587505
1,0.5936360359191895,4.190774837010363,0.2594447594108808
1,0.5943260192871094,4.191011327979302,0.3427487964707774
1,0.595069169998169,4.191315452446777,0.409236596223776
1,0.5957591533660889,4.191679079935643,0.5270090639454769
1,0.5966498851776123,4.191966621440591,0.32281490481045794
1,0.5973610877990723,4.192164256012273,0.2778878560314093
1,0.598059892654419,4.192269350360769,0.1503915545126758
1,0.5987319946289062,4.192294509785181,0.03743393914380916
1,0.5993971824645996,4.192072007714606,-0.3344950984295551
1,0.6001670360565186,4.191628686993296,-0.5758506889674512
1,0.60099196434021,4.191107184132723,-0.6321796341363147
1,0.6017341613769531,4.1906765895813205,-0.5801620460410057
1,0.602431058883667,4.1903853206914015,-0.41795082793807153
1,0.6031038761138916,4.1902792178648784,-0.15769933015477733
1,0.6037659645080566,4.190293924424218,0.02221238050511899
1,0.6044220924377441,4.190363007294854,0.10528872116349725
1,0.6050941944122314,4.190484212484686,0.18033750001215562
1,0.6057672500610352,4.190669481991407,0.2752662533184885
1,0.606436014175415,4.190914064784932,0.3657235612166438
1,0.6070990562438965,4.191225722007381,0.47004140048404686
1,0.6077589988708496,4.191596345514068,0.5615995869180457
1,0.6084301471710205,4.191907036922586,0.4629251216751644
1,0.6090869903564453,4.192126550567871,0.3341949039830162
1,0.6097609996795654,4.192252317839272,0.1865957444306393
1,0.6104350090026855,4.192296997137052,0.06628884237521859
1,0.6111249923706055,4.192141430605384,-0.22546417624113596
1,0.6117980480194092,4.1917517871221195,-0.5789171875412588
1,0.6124711036682129,4.191273224927556,-0.7110291629134975
1,0.6131410598754883,4.190850433472114,-0.6310732714328053
1,0.6138029098510742,4.190521950204109,-0.496310765464503
1,0.6144812107086182,4.190376324300966,-0.21469219966753925
1,0.6151549816131592,4.190383152701181,0.010134602383422413
1,0.6158320903778076,4.190444859558198,0.09113285817389546
1,0.6165030002593994,4.190559162751596,0.17037041267934808
1,0.6172399520874023,4.19073798173955,0.2426467798288703
1,0.6179230213165283,4.190975209115608,0.3472962416448414
1,0.6185860633850098,4.191279954199319,0.4596165133367572
1,0.6192359924316406,4.191644087768093,0.5602666485852406
1,0.6198861598968506,4.19194015900219,0.4553768835554728
1,0.6205530166625977,4.192145828437071,0.3084162078653973
1,0.6212878227233887,4.192258490564996,0.15332226275353367
1,0.6220049858093262,4.1922907686435975,0.04500800338722369
1,0.622765064239502,4.192088296051208,-0.26638381560584307
1,0.6234931945800781,4.191660991138869,-0.5868522275834495
1,0.6241950988769531,4.1911522368127345,-0.7248200764689777
1,0.6248960494995117,4.190731761962059,-0.5998637238390693
1,0.6255621910095215,4.190442855220421,-0.4337017545029894
1,0.6262321472167969,4.190327798935481,-0.17173702353976164
1,0.6268980503082275,4.190340739631478,0.019433302177276998
1,0.6275739669799805,4.19040819162119,0.09979335106055152
1,0.6282470226287842,4.1905278944941005,0.17784988971343288
1,0.6289839744567871,4.190711779883384,0.24952158648116965
1,0.6297121047973633,4.190953756229965,0.33232559213206203
1,0.6306359767913818,4.191262947947227,0.33466943393022786
1,0.6313278675079346,4.191631240188704,0.5322982844910094
1,0.6319839954376221,4.191937997909254,0.46752730172078755
1,0.6326451301574707,4.192153777667338,0.3263778948610305
1,0.6334140300750732,4.192277110941413,0.16040224644564843
1,0.6341779232025146,4.192319467727139,0.05544857546738285
1,0.6348762512207031,4.19215505288905,-0.23544070094101419
1,0.6355729103088379,4.191758210036836,-0.5696370850146979
1,0.6362380981445312,4.1912738007880925,-0.7282292651045921
1,0.636897087097168,4.19086008261476,-0.6278074490884925
1,0.6375579833984375,4.190539031916632,-0.485780745801149
1,0.6382479667663574,4.190399509934602,-0.20221064523706866
1,0.6389129161834717,4.190407595330153,0.012159414449155694
1,0.639578104019165,4.190470524920185,0.09460424057017731
1,0.6402349472045898,4.1905875231741065,0.17812204878986856
1,0.6409320831298828,4.190768964339374,0.2602665544616214
1,0.6416041851043701,4.191008748726432,0.35676786583016085
1,0.6422691345214844,4.191315984502187,0.462043830473744
1,0.6429629325866699,4.1916825498488155,0.5283458761602026
1,0.6436221599578857,4.19197519372169,0.44391948158093214
1,0.6442990303039551,4.192177662535893,0.29912495853752685
1,0.6449639797210693,4.192287340002173,0.1649410668807288
1,0.6456480026245117,4.192316839109311,0.043125905563977586
1,0.6463360786437988,4.192104034269514,-0.3092751873802969
1,0.6469941139221191,4.191658533294645,-0.6770168553970323
1,0.6476559638977051,4.191135502937613,-0.7902551580043322
1,0.6483120918273926,4.190703909492451,-0.6577885586546387
1,0.6489729881286621,4.190391238394923,-0.47310159994426354
1,0.6496298313140869,4.190257702968816,-0.2032987919644522
1,0.650407075881958,4.190266800531453,0.011704890600239938
1,0.6511061191558838,4.190330485846263,0.0911035370564477
1,0.6517770290374756,4.190446494867132,0.1729129709544318
1,0.652475118637085,4.190626755764505,0.25822028787450385
1,0.6531498432159424,4.190862512366628,0.3494116110641628
1,0.6538159847259521,4.19116561003623,0.45500492770291473
1,0.6544780731201172,4.191527932201262,0.5472413777746998
1,0.6551580429077148,4.191844805809392,0.4660113050757815
1,0.6558361053466797,4.192070054643851,0.3321948267818126
1,0.6565401554107666,4.1922011356006355,0.18618130083411902
1,0.6572480201721191,4.192250722871212,0.07005189872999591
1,0.658332109451294,4.192113276557332,-0.12678505038366963
1,0.6590280532836914,4.191737711644251,-0.5396483101042606
1,0.6597061157226562,4.1912699550936425,-0.6898428872162174
1,0.6606810092926025,4.190897627816919,-0.3819158195330508
1,0.6613869667053223,4.190627219708455,-0.3830374234929374
1,0.6620750427246094,4.190529609371408,-0.14185981535593503
1,0.6627838611602783,4.190546405098454,0.02369538685848847
1,0.6636590957641602,4.190617847660084,0.08162675620148273
1,0.6643640995025635,4.190741670200816,0.17563387821499343
1,0.6650240421295166,4.190929798215311,0.28506722677407537
1,0.6656880378723145,4.191176138549174,0.37099685733686444
1,0.6663448810577393,4.1914898055937195,0.47753718315933014
1,0.667119026184082,4.1918626877108665,0.481669527403081
1,0.6678361892700195,4.192138956387932,0.3852243408550845
1,0.6685049533843994,4.192326104981473,0.27984245792562523
1,0.6691920757293701,4.192421467038167,0.13878468280344022
1,0.6698570251464844,4.1924376035167255,0.024267227165521196
1,0.6705260276794434,4.192174978067699,-0.3925627125274451
1,0.6711978912353516,4.191700287778058,-0.706527814266422
1,0.6718630790710449,4.191154504184592,-0.8204954513298568
1,0.6725308895111084,4.1906693013991,-0.7265576522668338
1,0.6731910705566406,4.190288610925915,-0.5766455667902628
1,0.6738390922546387,4.190099075128323,-0.2924837211120909
1,0.6744949817657471,4.190071104458678,-0.04264539860998748
1,0.6751480102539062,4.190120134787686,0.07508145494018649
1,0.6758031845092773,4.190221854065827,0.15525530392420647
1,0.6764578819274902,4.190388177347541,0.25404603269632203
1,0.6771140098571777,4.190612988780734,0.342633536878735
1,0.6777660846710205,4.190905393892208,0.44842264302469914
1,0.678429126739502,4.191257264098269,0.5306906194762012
1,0.6791012287139893,4.191589733058823,0.49467041189364397
1,0.6797490119934082,4.191829563603415,0.370232687708447
1,0.6804029941558838,4.191980416710998,0.23066853538068638
1,0.6810522079467773,4.192048457600789,0.10480505920429463
1,0.6817021369934082,4.191979785416928,-0.10566104749000343
1,0.682354211807251,4.191630817888318,-0.5351648632975012
1,0.6830379962921143,4.1910307027930065,-0.8776377771008173
1,0.6837029457092285,4.190317846141653,-1.0720464339183944
1,0.6843559741973877,4.189684831762891,-0.9693518586704313
1,0.6850080490112305,4.189158476513205,-0.8072007053676428
1,0.6856648921966553,4.18881448820934,-0.5236992808900598
1,0.6863129138946533,4.188650473542792,-0.25310057835314886
1,0.6869621276855469,4.188671859733396,0.032941676384871645
1,0.6876111030578613,4.188742691956932,0.10914470187629915
1,0.6882569789886475,4.1888758259592445,0.20612937557566383
1,0.6889042854309082,4.1890658377873065,0.2935423095719151
1,0.6895511150360107,4.1893223346690345,0.3965447464133271
1,0.6901969909667969,4.189637538326927,0.4880250878975857
1,0.6908478736877441,4.190019370533026,0.586637490611155
1,0.6915020942687988,4.190427787312486,0.6242799313980597
1,0.6921699047088623,4.19073135822599,0.4545764715431716
1,0.6928830146789551,4.190943141915611,0.2969860168879485
1,0.693554162979126,4.191053571349521,0.1645380519952486
1,0.6942460536956787,4.191083684636996,0.0435231847381752
1,0.6949172019958496,4.19087391691486,-0.31255047816128123
1,0.6955859661102295,4.19044243893738,-0.6451870969192867
1,0.6962978839874268,4.18993266898661,-0.7160516221011376
1,0.6970369815826416,4.189514109521134,-0.5663114968651245
1,0.6979320049285889,4.189235409507854,-0.31138854035705754
1,0.6986110210418701,4.18917220297235,-0.09308547215285094
1,0.6992950439453125,4.1892062816572455,0.04982097050238046
1,0.6999690532684326,4.189299546263005,0.13837287194702708
1,0.7007980346679688,4.189436437097828,0.16513137073974724
1,0.7015070915222168,4.189636021455831,0.28147863857097366
1,0.7021760940551758,4.1898922445691555,0.3829927402385859
1,0.702843189239502,4.190214261641677,0.48271533071707196
1,0.7035250663757324,4.190593999907238,0.5569013028646578
1,0.7042050361633301,4.191006127559361,0.6060970055440971
1,0.7048571109771729,4.191321250847763,0.48326247496840286
1,0.705535888671875,4.191537095221851,0.3179897863063261
1,0.7061879634857178,4.191666590656789,0.19858984304983612
1,0.7068378925323486,4.191716551123554,0.07687064768747862
1,0.7075040340423584,4.191611135981791,-0.15824736963421554
1,0.7081599235534668,4.191193336044428,-0.6369974367436996
1,0.7088050842285156,4.1905696883230705,-0.9666548899780334
1,0.7094500064849854,4.189954940814658,-0.9532118053690233
1,0.7101030349731445,4.189425301543502,-0.8110507899115298
1,0.7107701301574707,4.189080949541748,-0.5161962038474563
1,0.7114229202270508,4.188918936055344,-0.248186199444872
1,0.7120921611785889,4.188935664085033,0.024995526127015562
1,0.712752103805542,4.189002510281143,0.1012909204222671
1,0.7134299278259277,4.189140312132499,0.20330033638697043
1,0.7140898704528809,4.189335411799876,0.2956312555197971
1,0.7147350311279297,4.1895973965406546,0.40607673547203815
1,0.7153840065002441,4.189918473307697,0.49474414706525777
1,0.7160439491271973,4.1903065455544,0.5880393701729316
1,0.7167320251464844,4.190658466798509,0.5114569237180783
1,0.717379093170166,4.190908887491067,0.3870082949435746
1,0.7180280685424805,4.191070702953145,0.24933991177742487
1,0.7186801433563232,4.1911416983959064,0.10887622287193861
1,0.7193288803100586,4.1911139395457395,-0.042789068831509416
1,0.7199769020080566,4.190727430002133,-0.5964453733574826
1,0.7206268310546875,4.190155615351271,-0.8798108867828079
1,0.7212729454040527,4.189534972610836,-0.9605772430908855
1,0.7219219207763672,4.1890294512243464,-0.7789531129465044
1,0.7225689888000488,4.18868316931669,-0.5351553391349517
1,0.7232170104980469,4.188568091837586,-0.17758275603983795
1,0.7238650321960449,4.188592383468565,0.03748582964838428
1,0.7245118618011475,4.188680628711727,0.13642734108877894
1,0.7251670360565186,4.188822389308569,0.21637082910449876
1,0.7258350849151611,4.1890260506996375,0.3048600239837429
1,0.7265009880065918,4.189276293964115,0.3757953187147328
1,0.7271840572357178,4.1895918375414665,0.46194962954984076
1,0.7278478145599365,4.1899646278871145,0.5616365078710898
1,0.7285239696502686,4.190402413872301,0.6474638606522795
1,0.7292289733886719,4.190781975933853,0.5383830480277538
1,0.7299001216888428,4.191058434034498,0.41191805235075485
1,0.730565071105957,4.191244908532966,0.2804341107291661
1,0.7314460277557373,4.1913393564645265,0.10721064604445787
1,0.7321829795837402,4.191354796587954,0.020951333372280924
1,0.732914924621582,4.191139190369407,-0.2945661318819084
1,0.733680009841919,4.190705739220767,-0.5665396966490559
1,0.7343630790710449,4.190248379927562,-0.6695650655938796
1,0.7350280284881592,4.189849594674111,-0.5997226904582148
1,0.7356951236724854,4.1896145242709,-0.35237910381363197
1,0.7363550662994385,4.189544340043207,-0.10634898372543598
1,0.7370412349700928,4.1895804879100735,0.05268073057376568
1,0.7376940250396729,4.189666659533854,0.1320051082210592
1,0.7383449077606201,4.189815683189617,0.22895623276985827
1,0.7389910221099854,4.190022117262398,0.3195008329153611
1,0.739638090133667,4.1903059253331465,0.43860623668865545
1,0.7402830123901367,4.190648680504088,0.5314674249542068
1,0.740976095199585,4.191033571802864,0.55533234056407
1,0.7416219711303711,4.191323353260001,0.448664276411323
1,0.7422771453857422,4.191515468931826,0.2932283590958498
1,0.7429249286651611,4.191622627544972,0.16542355530169636
1,0.7436039447784424,4.191642436588731,0.029173157119003826
1,0.7442660331726074,4.191423119852295,-0.3312499333464138
1,0.7449259757995605,4.190926414484405,-0.7526493176879803
1,0.7455868721008301,4.190295564499392,-0.9545370185933201
1,0.746229887008667,4.18967411733241,-0.966458412407337
1,0.7468709945678711,4.189193044204108,-0.7503781875518561
1,0.7475190162658691,4.188937982357581,-0.3936007811391152
1,0.7481660842895508,4.188851064892526,-0.13432508155939635
1,0.7488141059875488,4.188882498709487,0.04850735254393859
1,0.7495100498199463,4.1889628710356375,0.11548679995338734
1,0.7501711845397949,4.18910507450348,0.2150900014378923
1,0.7508189678192139,4.189303724543986,0.306661265916275
1,0.751457929611206,4.18956846164506,0.4143238365608476
1,0.7520990371704102,4.189891539207678,0.5039365984369228
1,0.752748966217041,4.1902692223488005,0.5811144202286193
1,0.753425121307373,4.190686543286421,0.6171970655655618
1,0.7540788650512695,4.190998471677626,0.47714168451764477
1,0.7547340393066406,4.191218092159147,0.335209266420893
1,0.7554590702056885,4.191343370255841,0.1727900105476164
1,0.7561240196228027,4.191387358320203,0.0661524970614705
1,0.7567710876464844,4.191229345384716,-0.24419833727417048
1,0.7574188709259033,4.190838690100334,-0.6030647853909716
1,0.7580699920654297,4.190360856022894,-0.7338635599924744
1,0.7587151527404785,4.190026367044886,-0.5184584103541205
1,0.7593920230865479,4.18981348562007,-0.31450842255309835
1,0.7600581645965576,4.189765079193036,-0.07266688279796901
1,0.7607221603393555,4.189791700210022,0.040092150100525234
1,0.761375904083252,4.189872330817005,0.1233367167731148
1,0.7620179653167725,4.190004691946468,0.20615032111075657
1,0.7626700401306152,4.190200705964327,0.30060050426360896
1,0.7633469104766846,4.190454272484906,0.37461608718895667
1,0.764024019241333,4.190774507514694,0.4729447416830021
1,0.7647359371185303,4.191153292451378,0.5320626842176164
1,0.7654950618743896,4.191480213052161,0.43065464307423024
1,0.7662372589111328,4.191715196945522,0.3166058091425815
1,0.7672970294952393,4.191855715859908,0.13259371083954724
1,0.768151044845581,4.191914470867856,0.0687985384866953
1,0.7688229084014893,4.191812666018432,-0.151526077771447
1,0.7694761753082275,4.19146669478709,-0.5296016494532789
1,0.7701318264007568,4.1910236514289805,-0.6757303742156787
1,0.7707829475402832,4.190649315154866,-0.5749103375548563
1,0.7714369297027588,4.190359645762571,-0.4429316408239574
1,0.772144079208374,4.190245077221466,-0.16201459549352357
1,0.772881031036377,4.190243532542532,-0.002096037862178231
1,0.7735390663146973,4.1902980275984945,0.08281479391498842
1,0.7741858959197998,4.190405070792259,0.16548901429441729
1,0.7748301029205322,4.190576588125146,0.26624568297405715
1,0.7754790782928467,4.19080648267402,0.3542423313449381
1,0.776123046875,4.191103865240665,0.4617967007806547
1,0.77677321434021,4.191460612265546,0.548700210284872
1,0.7774131298065186,4.191782349195424,0.5027803621211835
1,0.7780799865722656,4.192012123818149,0.3445636822289661
1,0.7787420749664307,4.192147413330735,0.2043375382786781
1,0.7793891429901123,4.19221764863353,0.1085439246331802
1,0.7800331115722656,4.192157166672279,-0.09392067086488086
1,0.7807102203369141,4.191842226971442,-0.46512424189361257
1,0.7813560962677002,4.191421864197193,-0.650841367841812
1,0.7820069789886475,4.191070299008024,-0.5401359997034728
1,0.7826499938964844,4.190840154215971,-0.3579151731137771
1,0.7833089828491211,4.19079130405745,-0.0741289490901268
1,0.7839879989624023,4.190818328391947,0.039799253608026865
1,0.7846472263336182,4.190899874551353,0.12369959587079707
1,0.7852919101715088,4.191048089284463,0.22990297630963813
1,0.7859570980072021,4.191260151107302,0.318799911033509
1,0.7866051197052002,4.191529984410333,0.4163954754355223
1,0.7872560024261475,4.191866724546774,0.5173591579614214
1,0.7879049777984619,4.192205405935068,0.5218709410906582
1,0.7885491847991943,4.19244517617685,0.37219440569476586
1,0.7891860008239746,4.192598165520487,0.2402410393016631
1,0.7898290157318115,4.1926615877817905,0.09863264526250543
1,0.7905149459838867,4.192606830192268,-0.07982967562162922
1,0.7911710739135742,4.192240732009546,-0.557967686113295
1,0.7918288707733154,4.191621081777218,-0.9420084987509484
1,0.7924919128417969,4.191010251643629,-0.9212539635507571
1,0.7931499481201172,4.190484498881221,-0.7989735197019426
1,0.793834924697876,4.190144093418893,-0.4969592733257455
1,0.7945041656494141,4.1899862281316045,-0.23588707015889795
1,0.7951610088348389,4.190004080801391,0.027179500652636027
1,0.7958090305328369,4.1900723297624625,0.10531894422963405
1,0.7964470386505127,4.190203840842794,0.20612759726408797
1,0.7970831394195557,4.190393195440784,0.29768019031755616
1,0.7977230548858643,4.190649997378713,0.4013060340768867
1,0.7983880043029785,4.190950697058899,0.452214367660988
1,0.799252986907959,4.191319373903132,0.42622457620458803
1,0.8000149726867676,4.191622293401603,0.39753956949858177
1,0.8009068965911865,4.191826395239536,0.22883324117858567
1,0.8015921115875244,4.191944438663931,0.17227209711715671
1,0.8022372722625732,4.191974079282202,0.045943002134605594
1,0.8028831481933594,4.191790059217285,-0.28491550179431474
1,0.8035261631011963,4.191319760427733,-0.731396401265804
1,0.8041620254516602,4.190708100818393,-0.9619371376437197
1,0.804807186126709,4.190152920544605,-0.8605302450359308
1,0.8054630756378174,4.189800571321966,-0.5372081984420856
1,0.8061060905456543,4.18964495462639,-0.24201102288488904
1,0.8067371845245361,4.1896532337038295,0.013118612626092497
1,0.8073809146881104,4.189711424759285,0.09039665802209465
1,0.8080129623413086,4.1898185489050235,0.16948745113887773
1,0.8086400032043457,4.189987499031217,0.2694403764611188
1,0.8092689514160156,4.190212886562951,0.3583562645575397
1,0.8099031448364258,4.190504343921426,0.4595717159709088
1,0.8106300830841064,4.190854129578386,0.4811765759689724
1,0.811366081237793,4.191264150705957,0.5570953208476469
1,0.8120501041412354,4.191557465073647,0.42880781654121775
1,0.8127150535583496,4.191753149728588,0.29428502364974374
1,0.8133790493011475,4.191863911682167,0.16681124055406993
1,0.814018964767456,4.191887356789982,0.03663782022710218
1,0.8146679401397705,4.191682708980233,-0.31533987032390537
1,0.8153121471405029,4.191198681753818,-0.7513535647156017
1,0.8159651756286621,4.190536843900067,-1.0134900172831651
1,0.8166289329528809,4.18988928244467,-0.9755997135833805
1,0.8173480033874512,4.189331250882295,-0.7760457606758893
1,0.8179950714111328,4.188892331894616,-0.6783196999620736
1,0.8186390399932861,4.188650371032389,-0.3757339549360894
1,0.8192770481109619,4.188649242756407,-0.001768435151086527
1,0.8199090957641602,4.188699120173922,0.07891401425650416
1,0.8205528259277344,4.188811951415835,0.17527723306721008
1,0.8211891651153564,4.188982290026952,0.2676852446463993
1,0.821821928024292,4.189219730305605,0.3752436738941305
1,0.8224601745605469,4.189516477408206,0.46494118768275117
1,0.8230910301208496,4.189880433077127,0.5769239296969125
1,0.8237218856811523,4.190291642915359,0.6518288243911141
1,0.8243939876556396,4.190619521703852,0.48784083508037007
1,0.8250401020050049,4.190853836739018,0.36265257906127457
1,0.8256921768188477,4.190992621763683,0.21283604537138556
1,0.8263399600982666,4.191048985601943,0.08701033208260081
1,0.827003002166748,4.19093616629126,-0.17015407625847007
1,0.8276631832122803,4.190580170210856,-0.5392400809035981
1,0.8283278942108154,4.1901284645634105,-0.6795519382720934
1,0.8290159702301025,4.18975386463384,-0.5444164875254541
1,0.8296780586242676,4.1895076681053975,-0.37184842781096344
1,0.8305599689483643,4.189467704949783,-0.04531430750158742
1,0.831233024597168,4.189527694747764,0.08913051705046027
1,0.8319389820098877,4.189648023373206,0.1704474282348752
1,0.8326129913330078,4.189825804709656,0.2637668802970536
1,0.8333418369293213,4.190070937496835,0.3363302027466038
1,0.834104061126709,4.190376401504704,0.4007534907911116
1,0.8347570896148682,4.19074899969415,0.5705695788193441
1,0.8353891372680664,4.191179451971394,0.6810440242372001
1,0.8360409736633301,4.1915097456002,0.5067124683532561
1,0.8366708755493164,4.191745404107232,0.3741193863279119
1,0.8373019695281982,4.191881136645663,0.21507500146255656
1,0.8379278182983398,4.19191123649413,0.04809444374271801
1,0.8385560512542725,4.191657187033456,-0.4043873507041746
1,0.8391809463500977,4.191139106171924,-0.8290685348508354
1,0.8398020267486572,4.190506114955158,-1.0191775786742254
1,0.8404331207275391,4.1899389829748905,-0.8986490114715512
1,0.8410780429840088,4.189490296734876,-0.6957214385353704
1,0.8416991233825684,4.189244082470816,-0.3964289722081109
1,0.84232497215271,4.18918669162282,-0.091700824120215
1,0.8429522514343262,4.189229476748233,0.06820745825206811
1,0.8435928821563721,4.189310572290162,0.12658703233873397
1,0.8442320823669434,4.189456627553031,0.22849689417090358
1,0.8448660373687744,4.189661518272989,0.32319442131782483
1,0.845501184463501,4.189934333462454,0.4295307208837063
1,0.8461220264434814,4.1902669288086125,0.5357165863185251
1,0.8467462062835693,4.190636310596905,0.5917874378009185
1,0.847365140914917,4.190910729089904,0.44337233546145477
1,0.8479862213134766,4.19108780418161,0.2851081633178835
1,0.8486168384552002,4.191180373813543,0.14679212759764748
1,0.8492369651794434,4.191186121781396,0.009269021359809037
1,0.8498539924621582,4.190971937126163,-0.3471234761138189
1,0.8505551815032959,4.190478112327246,-0.7042677080570963
1,0.851201057434082,4.189848489688652,-0.9748352718882981
1,0.8518481254577637,4.189279970323341,-0.878608344879081
1,0.8524830341339111,4.18883980253024,-0.6932773320588388
1,0.8531160354614258,4.188615961241181,-0.3536189883484342
1,0.8537461757659912,4.18860017221666,-0.025056363491118068
1,0.8543810844421387,4.188657412227764,0.09015471555944497
1,0.8550140857696533,4.188773553088518,0.18347648844656073
1,0.8556411266326904,4.188959355714633,0.29631661518048424
1,0.8562741279602051,4.189220439673173,0.41245404581509515
1,0.8569049835205078,4.189551205968668,0.5243138307853351
1,0.8575601577758789,4.18994267847268,0.5975089845229944
1,0.8582131862640381,4.19040020537559,0.7006231905738121
1,0.858860969543457,4.190799891828929,0.6170064372421518
1,0.8595290184020996,4.1910946628949715,0.44124177779648704
1,0.8601899147033691,4.191295195541508,0.3034252819254414
1,0.8608450889587402,4.1913964521418,0.15454911340293753
1,0.8614959716796875,4.191409742788845,0.020419419071067382
1,0.8621480464935303,4.1910902422005645,-0.4899753548177657
1,0.862821102142334,4.1905163021414324,-0.8527378979021254
1,0.8634731769561768,4.189942811204996,-0.879486409016294
1,0.8641881942749023,4.18944761882334,-0.6925599823776346
1,0.8650779724121094,4.189132199230217,-0.3544924065145282
1,0.8657829761505127,4.188994703541452,-0.19502831158966158
1,0.8664510250091553,4.18901668003646,0.0328965385143328
1,0.8671689033508301,4.189088818473151,0.10048838710391969
1,0.8678610324859619,4.189223953309813,0.19524512089124188
1,0.8685100078582764,4.189416648820686,0.296922686273707
1,0.8691539764404297,4.189670923313459,0.39485543211304847
1,0.8697850704193115,4.189984681962596,0.4971662852695
1,0.8704628944396973,4.190365822329612,0.5622998824971392
1,0.8711330890655518,4.190700381261351,0.49919667934097034
1,0.8717660903930664,4.190934388507229,0.36967891804775727
1,0.872399091720581,4.191080694269757,0.231130261766933
1,0.8730428218841553,4.191137040786916,0.08753126752183393
1,0.8736791610717773,4.191053931600534,-0.13060516780873907
1,0.8743250370025635,4.190664568200981,-0.6028455017336007
1,0.874953031539917,4.19009006838306,-0.914816584778934
1,0.8755850791931152,4.189483202076776,-0.960159100683477
1,0.8762130737304688,4.18898817364366,-0.7882686929130925
1,0.8768839836120605,4.188649708721439,-0.5044864168908254
1,0.8775360584259033,4.18854029823414,-0.16778824296822495
1,0.8781800270080566,4.1885655670955595,0.039239276759119576
1,0.87882399559021,4.1886545773011035,0.13822134807623127
1,0.8794522285461426,4.1888042809446535,0.238293203399066
1,0.8800868988037109,4.189024422669361,0.3468599986875532
1,0.8807229995727539,4.189301122671174,0.43499397466481404
1,0.881350040435791,4.189642251836418,0.5440301985922535
1,0.8819739818572998,4.190040971402827,0.6390336539053967
1,0.882606029510498,4.190503861799251,0.732366292448999
1,0.8832812309265137,4.190868771003298,0.5404449626303536
1,0.8839130401611328,4.191131689617337,0.41613607341107334
1,0.8845510482788086,4.191305676556713,0.27270333175317724
1,0.885181188583374,4.191388643088839,0.1316635859111832
1,0.8858230113983154,4.191390703255135,0.0032098676585889854
1,0.8864541053771973,4.191027532510632,-0.5754622237825106
1,0.8870880603790283,4.1904490077803205,-0.9125643439055744
1,0.8877160549163818,4.189871651130316,-0.9193657200229082
1,0.888340950012207,4.189377324517024,-0.791055357281953
1,0.8889689445495605,4.189062469981481,-0.5013650865021785
1,0.8895988464355469,4.188925227813883,-0.2178786421373746
1,0.8902242183685303,4.188947191864732,0.0351215807598168
1,0.89084792137146,4.1890192419255605,0.11551982352213894
1,0.8914699554443359,4.189154207562606,0.2169746689615509
1,0.8920900821685791,4.189346635636772,0.31030443721221346
1,0.8927431106567383,4.189606109829008,0.39733977451262226
1,0.8933889865875244,4.1899248294345,0.4934687767426723
1,0.8940269947052002,4.190313934355979,0.6098745622489774
1,0.8946521282196045,4.190656342708295,0.5477363545970436
1,0.8953299522399902,4.190897817632201,0.35625017208456367
1,0.896064043045044,4.191051218979458,0.2089678091615603
1,0.8967270851135254,4.191114315183693,0.09516169068914916
1,0.8974590301513672,4.191056903949923,-0.07843653662827971
1,0.8981308937072754,4.1906883337471905,-0.5485789480482309
1,0.8988170623779297,4.190130672260055,-0.8127177922654434
1,0.8997359275817871,4.189521116637092,-0.6633787201905984
1,0.9005141258239746,4.189024216489022,-0.6385264334099952
1,0.9011869430541992,4.188658081846505,-0.5441814300668188
1,0.9018170833587646,4.188527097674762,-0.207865090986465
1,0.9024620056152344,4.188548203006228,0.03272538860905193
1,0.9030919075012207,4.18863345597143,0.1353432448745834
1,0.9037230014801025,4.188778828551088,0.230350129335871
1,0.9043340682983398,4.188985891913478,0.33885551663061114
1,0.9049661159515381,4.189248634719747,0.415700944287401
1,0.9056050777435303,4.189576262040332,0.5127494706118952
1,0.9062290191650391,4.189960735850576,0.6162017730993877
1,0.9068450927734375,4.19040982405497,0.7289521873225069
1,0.907473087310791,4.190792915200413,0.6100230537957442
1,0.9080848693847656,4.191072734577009,0.4573840726942219
1,0.9086949825286865,4.1912624062714565,0.310879541503505
1,0.9093060493469238,4.191359903623628,0.15955268599345868
1,0.9099161624908447,4.191378243916415,0.03006047807741603
1,0.9105641841888428,4.191126021173048,-0.38921959580465704
1,0.911186933517456,4.19064115130001,-0.7785955773207258
1,0.9118080139160156,4.190141285858326,-0.8048321003905871
1,0.9124300479888916,4.189707177849964,-0.6978846132246961
1,0.9130458831787109,4.189442635814363,-0.42956628652445994
1,0.9136559963226318,4.189387714435819,-0.09001835002394662
1,0.9142739772796631,4.1894269565177975,0.06350047122342167
1,0.9148788452148438,4.189516083729364,0.14734986991829696
1,0.9154989719390869,4.189667930937317,0.24486480265431843
1,0.9161179065704346,4.189877058553681,0.3378832040940094
1,0.9167470932006836,4.19015305466357,0.43865539510877305
1,0.9173679351806641,4.19048813125952,0.5397131746154158
1,0.9179849624633789,4.1908878966409695,0.6478893116211527
1,0.9186291694641113,4.191191606845278,0.4714481586867531
1,0.919248104095459,4.191382045628315,0.30768803907888376
1,0.9198541641235352,4.19148765385305,0.17425373699413474
1,0.920464038848877,4.191506032993682,0.030135927704382073
1,0.9210879802703857,4.1912814726747705,-0.3599060924156481
1,0.9216969013214111,4.19078070811105,-0.8223801145932478
1,0.9223129749298096,4.190146775051715,-1.028989151123069
1,0.9229190349578857,4.189575955472048,-0.9418532046717302
1,0.9235241413116455,4.189135047308903,-0.7286457337712072
1,0.9241311550140381,4.188911677796106,-0.36798100589166594
1,0.9247410297393799,4.188889791832838,-0.03588599815492848
1,0.9253461360931396,4.188920276957058,0.05037977874508
1,0.9259490966796875,4.188999618161769,0.1315860546795381
1,0.9265780448913574,4.189140711998957,0.2243329968509618
1,0.9272029399871826,4.1893381818840085,0.31600485644873566
1,0.9278261661529541,4.189601667406982,0.4227767341044128
1,0.928447961807251,4.189923429616299,0.5174725926338346
1,0.9290668964385986,4.190311427739978,0.6268806171564756
1,0.9296901226043701,4.1907248329769695,0.663331001964216
1,0.9306778907775879,4.191033180654657,0.3121660385984903
1,0.9313890933990479,4.191249535229829,0.3042094737061549
1,0.9321179389953613,4.191391679578778,0.1950266965557381
1,0.9330480098724365,4.1914514938322265,0.0643115002557853
1,0.9338240623474121,4.191352840225643,-0.127122340002276
1,0.9344758987426758,4.191009318839522,-0.527005531782204
1,0.9351000785827637,4.190568735511817,-0.7058595927151857
1,0.935723066329956,4.190204145743875,-0.5852278308594336
1,0.9363629817962646,4.189933422455629,-0.4230610174314298
1,0.9369871616363525,4.189834978709019,-0.15771695957970902
1,0.9376089572906494,4.189851427157644,0.026453141818691524
1,0.9382550716400146,4.189922322137578,0.10972512838227942
1,0.9388988018035889,4.190038387419329,0.18030113907737863
1,0.939518928527832,4.190218676394572,0.29072924645066905
1,0.9401340484619141,4.1904570615358505,0.38754253938158817
1,0.9407861232757568,4.190762632998462,0.4686141162402451
1,0.9414060115814209,4.191127251809427,0.5882008220412983
1,0.9420220851898193,4.1914754767848175,0.5652327427161921
1,0.9426450729370117,4.19173024612492,0.40894759367400096
1,0.9432580471038818,4.191889108034502,0.2591657498275455
1,0.9438769817352295,4.191964832174674,0.1223459414555153
1,0.9445080757141113,4.192071977851995,0.16977768907169374
1,0.945141077041626,4.192105412749562,0.052819632619563246
1,0.9457650184631348,4.192031451393285,-0.11853894248411179
1,0.9463889598846436,4.191854765737971,-0.2831766720765822
1,0.9470052719116211,4.191719201994976,-0.21995959361615217
1,0.9476211071014404,4.1916634650178795,-0.09050632055172429
1,0.9482338428497314,4.191690404516752,0.04396593302691261
1,0.9488611221313477,4.191759056452385,0.10944397120263268
1,0.9494719505310059,4.191885224843002,0.20655292171656295
1,0.9501280784606934,4.192065677378918,0.275026451017935
1,0.9507660865783691,4.192306696812209,0.3777685998249882
1,0.951383113861084,4.192469535849025,0.263908973520757
1,0.951988935470581,4.192548656884311,0.13060121006885414
1,0.9526009559631348,4.192554443168781,0.00945439661029809
1,0.9532139301300049,4.192267418151674,-0.46824977726602035
1,0.9538190364837646,4.191783886433511,-0.7990855081249072
1,0.9544298648834229,4.1912178830536675,-0.9266160187703338
1,0.9550299644470215,4.190701494751479,-0.8605043787936938
1,0.9556348323822021,4.190289938529172,-0.6804067439681957
1,0.9562380313873291,4.1900696768938035,-0.365155833308758
1,0.9568390846252441,4.188840914504299,-2.044348673283971
1,0.9574360847473145,4.188033277087285,-1.352826217545
1,0.9580399990081787,4.187567363886405,-0.7714889862225712
1,0.9586400985717773,4.18743637076779,-0.21828564218540347
1,0.9592392444610596,4.187468459650491,0.053557711527777344
1,0.9598500728607178,4.187569602810813,0.16558359169010814
1,0.9604840278625488,4.1877316617317835,0.25563158347625486
1,0.9611692428588867,4.187962321357891,0.3366237273562904
1,0.9619629383087158,4.188252469935033,0.3655666379399595
1,0.9626150131225586,4.188609124777373,0.5469538690471235
1,0.9633462429046631,4.188704634438544,0.1306151137555174
1,0.9640209674835205,4.188871751924008,0.24768252217411574
1,0.9647250175476074,4.189100512523831,0.3249209274907173
1,0.9654371738433838,4.189397371981172,0.41684593550753624
1,0.9663200378417969,4.18975244741144,0.4021858756347199
1,0.9670288562774658,4.190120521401756,0.5192782407932878
1,0.9676899909973145,4.190390004153054,0.40760641244132295
1,0.9683370590209961,4.190559874181118,0.2625226743516561
1,0.9689540863037109,4.190643940347888,0.13624384062914566
1,0.9695742130279541,4.188910207915063,-2.7957711948976294
1,0.9701948165893555,4.18724127328945,-2.6892121305980456
1,0.970844030380249,4.1856008345888505,-2.5268081541238487
1,0.9714710712432861,4.184074942886851,-2.433480482609383
1,0.9721059799194336,4.182813921025687,-1.9861468405435172
1,0.9727511405944824,4.181846754054087,-1.4991102356433383
1,0.9733731746673584,4.181230380308255,-0.990900294226264
1,0.9739911556243896,4.180931120030266,-0.4842548537855669
1,0.9746160507202148,4.180939609930324,0.013586120478857204
1,0.9752292633056641,4.181017957392032,0.1277655801050724
1,0.9758419990539551,4.174946703825722,-9.908437010967662
1,0.9764690399169922,4.17048170788978,-7.120741564298878
1,0.9770879745483398,4.167359972395795,-5.043724063699218
1,0.9777159690856934,4.165303171217185,-3.2751896016132838
1,0.9783370494842529,4.16398043256907,-2.1297381968307176
1,0.9789621829986572,4.1630584314662356,-1.4748866947454455
1,0.9795801639556885,4.162500059599425,-0.9035421892178509
1,0.980187177658081,4.1622099326615976,-0.4779578066911645
1,0.980828046798706,4.162174407908191,-0.055432148553552996
1,0.981464147567749,4.162210273101315,0.056382879677662874
1,0.9820771217346191,4.152764649261615,-15.409497414760867
1,0.9826979637145996,4.145103135266052,-12.34052181169076
1,0.983381986618042,4.138901477039245,-9.066448207504452
1,0.9840171337127686,4.13385665525309,-7.942761335194715
1,0.9846398830413818,4.1297877855988405,-6.533719856928104
1,0.985253095626831,4.126482033652762,-5.390874265336821
1,0.9858660697937012,4.12383176790933,-4.323617350734634
1,0.986475944519043,4.121684579403195,-3.5207041986068193
1,0.9870860576629639,4.119981803175444,-2.7909187741938655
1,0.9876980781555176,4.118611278552351,-2.23934433530736
1,0.988314151763916,4.099707963278425,-30.683533617141066
1,0.988926887512207,4.084022543015171,-25.598996479317893
1,0.9895370006561279,4.0709945169083825,-21.353459168349268
1,0.9901502132415771,4.060096783958134,-17.771541564603673
1,0.9907591342926025,4.050967185575091,-14.993074007982866
1,0.9913680553436279,4.043243132517404,-12.684818573246478
1,0.9919888973236084,4.036696436046454,-10.544867586363079
1,0.9926340579986572,4.031075240392581,-8.712861572735767
1,0.9932808876037598,4.026241130814178,-7.473544099201663
1,0.9939250946044922,4.022016208909545,-6.558329698109212
1,0.9945740699768066,3.961091629879864,-93.87810636388889
1,0.9952139854431152,3.9102815578018446,-79.40122524483043
1,0.9959540367126465,3.867761370804536,-57.455731444445455
1,0.9967119693756104,3.8319565774326674,-47.24007173916416
1,0.997359037399292,3.8017235112129755,-46.7231652827998
1,0.9980390071868896,3.7762207084544785,-37.505788085965875
1,0.9989070892333984,3.75464372770353,-24.85592328251202
1,0.9995720386505127,3.7363758654024943,-27.47255931182622
1,1.0003819465637207,3.720821457046622,-19.20515666313498
1,1.0011179447174072,3.707548477429826,-18.033984936393043
1,1.0018010139465332,3.696125498571092,-16.72301777281114
1,1.0024449825286865,3.68626159698151,-15.317364640055333
1,1.0030920505523682,3.6776477713491094,-13.312086700545535
1,1.0037400722503662,3.594021894290218,-129.0479582971362
1,1.004411220550537,3.5249028491336367,-102.98624780690214
1,1.0050458908081055,3.467786680329613,-89.99345427475293
1,1.00569486618042,3.420623050745896,-72.67398979335142
1,1.0063459873199463,3.381598180663188,-59.93488417699843
1,1.0069921016693115,3.349336774385342,-49.93141896560637
1,1.0076379776000977,3.322778313990644,-41.12006521495881
1,1.0082850456237793,3.300921246122722,-33.77862460821573
1,1.008925199508667,3.2829783711764167,-28.029002666215323
1,1.009565830230713,3.2682120840122204,-23.049608231461487
1,1.0102131366729736,3.256074476360435,-18.75094523915805
1,1.0108799934387207,3.246043152014803,-15.042697114115438
1,1.011545181274414,3.2377562422504393,-12.457999559967883
1,1.0121970176696777,3.230852170545857,-10.591724786692147
1,1.0128319263458252,3.22510389561359,-9.053703545440595
1,1.0134780406951904,3.2202633775234935,-7.491735936296465
1,1.0141191482543945,3.2161967370432407,-6.343148543282251
1,1.0147590637207031,3.2127328265686774,-5.4130750965360335
1,1.0154190063476562,3.2097998599697113,-4.444275122077333
1,1.0160601139068604,3.207277214960551,-3.9348233739311045
1,1.016740083694458,3.205133391621324,-3.1528214610849217
1,1.0173990726470947,3.2032801661203063,-2.812225445665624
1,1.018035888671875,3.187440278014068,-24.873570214731753
1,1.0186710357666016,3.174613136625636,-20.195544457231584
1,1.0193099975585938,3.164225717529284,-16.256713979666248
1,1.0199480056762695,3.155813985545058,-13.184365137655606
1,1.0205860137939453,3.149002164984232,-10.676698888473837
1,1.0212280750274658,3.143485952694075,-8.591411538601939
1,1.021860122680664,3.1390189239815056,-7.067550508202145
1,1.022493839263916,3.1354015241300672,-5.708229746609264
1,1.0231280326843262,3.1324721537303724,-4.619048866511959
1,1.0237648487091064,3.1300999495806994,-3.7251012181916887
1,1.0244028568267822,3.128178938660294,-3.0109505932360485
1,1.0250370502471924,0.0,-4932.531366593468
2,0.0013897418975830078,0.03994199846953153,0.0
2,0.002048969268798828,0.13504199846953152,144.2597867631103
2,0.002692699432373047,0.2301419984695315,147.73270755555555
2,0.003329038619995117,0.3252419984695315,149.4485988759835
2,0.003970623016357422,0.42034199846953146,148.22679687848378
2,0.004665851593017578,0.5154419984695314,136.78954403292175
2,0.00574183464050293,0.6105419984695314,88.38429213383556
2,0.006480693817138672,0.7056419984695314,128.71194269119064
2,0.007215738296508789,0.8007419984695313,129.37992552708397
2,0.00794076919555664,0.8958419984695313,131.1668235448865
2,0.008854866027832031,0.9909419984695312,104.03711799687007
2,0.009593725204467773,1.0860419984695313,128.7119426911908
2,0.010277748107910156,1.1811419984695313,139.030432345765
2,0.010940790176391602,1.2762419984695312,143.4298131607335
2,0.011603832244873047,1.3713419984695312,143.4298131607335
2,0.012258052825927734,1.4664419984695312,145.36381574344017
2,0.01290583610534668,1.5615419984695311,146.80835863084278
2,0.013557910919189453,1.656641998469531,145.84216102376593
2,0.01423788070678711,1.751741998469531,139.85915511921453
2,0.014932870864868164,1.846841998469531,136.83647012006855
2,0.015598773956298828,1.941941998469531,142.81357336197632
2,0.016255855560302734,2.037041998469531,144.7308818577648
2,0.01690387725830078,2.132141998469531,146.75434525386308
2,0.017559051513671875,2.227241998469531,145.15222358078597
2,0.018201828002929688,2.3208909936497863,145.69449372423082
2,0.01885986328125,2.4100712110327414,135.52497916311512
2,0.0195157527923584,2.4949864768506314,129.4658084627551
2,0.020172595977783203,2.5758406438730947,123.09508390525819
2,0.02081894874572754,2.6528191522516305,119.09674127854143
2,0.021465778350830078,2.7261086745347805,113.30576353494477
2,0.022116661071777344,2.795877611615555,107.19125709657186
2,0.02276778221130371,2.862296747104852,102.00734004368361
2,0.023450851440429688,2.925518766048746,92.55579998061113
2,0.024219751358032227,2.9857046955951003,78.27537520619903
2,0.02491283416748047,3.0430142617463236,82.68790593269365
2,0.02557992935180664,3.0976087655902895,81.83915148347448
2,0.02623271942138672,3.14962546233558,79.68365201810028
2,0.02688884735107422,3.198992285131539,75.2396302036271
2,0.027544736862182617,3.2460500154768592,71.74642915968684
2,0.028203964233398438,3.290919576373041,68.06386211395977
2,0.028868675231933594,3.333702949144964,64.36387071404887
2,0.029611825942993164,3.374508072713387,54.90827494498879
2,0.030290842056274414,3.413424957086506,57.31363897251091
2,0.030942916870117188,3.450550878830929,56.9350647445414
2,0.031587839126586914,3.4859657861242708,54.91345187434083
2,0.03223681449890137,3.519757878047453,52.06991415201022
2,0.03287982940673828,3.551998410162536,50.13963396826874
2,0.03352975845336914,3.5827514024019376,47.31746088103094
2,0.0341796875,3.6119850841613768,44.97980496637668
2,0.034848928451538086,3.639833334020258,41.61169425582651
2,0.03552365303039551,3.666381402445425,39.346526356166486
2,0.036180973052978516,3.6916009812254305,38.367276080991125
2,0.03684282302856445,3.715567266974248,36.21105482039224
2,0.03749990463256836,3.7383543719694114,34.67926183948969
2,0.03841090202331543,3.7600290582784974,23.79225948310509
2,0.03910183906555176,3.7806587651117374,29.857578291747977
2,0.039824724197387695,3.800322630007234,27.201921895330056
2,0.04077792167663574,3.8190759656223716,19.6741347133353
2,0.04164290428161621,3.8369819594631616,20.700987207938432
2,0.04239988327026367,3.854083015527714,22.59118987583504
2,0.0431208610534668,3.870311478933081,22.508964608129602
2,0.04378795623779297,3.885715095124402,23.09058220361794
2,0.044435977935791016,3.900323515907505,22.543104387142005
2,0.0450749397277832,3.9141797904272377,21.685607329557246
2,0.045746803283691406,3.9273118438388477,19.545714745397174
2,0.04641580581665039,3.939767198361392,18.617798751007026
2,0.04707479476928711,3.951600316348401,17.95647398892294
2,0.047728776931762695,3.962875684079417,17.241093684167804
2,0.04838395118713379,3.973633860375968,16.420328192623654
2,0.04904294013977051,3.98392222466567,15.612347139563147
2,0.04968380928039551,3.9937677249200445,15.362731063588095
2,0.050334930419921875,4.003072051286391,14.289700950447132
2,0.050978660583496094,4.0119973565901335,13.864979161744316
2,0.05163288116455078,4.020572984498132,13.108159780259307
2,0.0522768497467041,4.028811264104951,12.792983749722087
2,0.05292677879333496,4.036737087531595,12.194905686597405
2,0.05358076095581055,4.044359088164343,11.654753095858448
2,0.05423688888549805,4.051699148303001,11.186934447606355
2,0.05488276481628418,4.058726490443768,10.880328257802988
2,0.05551886558532715,4.065340064095209,10.397053381009236
